[     157ms] [INFO] %cDownload the React DevTools for a better development experience: https://react.dev/link/react-devtools font-weight:bold @ http://localhost:3000/_next/static/chunks/node_modules_next_dist_1ybzpk2._.js:2477
[     178ms] [LOG] [HMR] connected @ http://localhost:3000/_next/static/chunks/node_modules_next_dist_1ybzpk2._.js:2477
[     333ms] [LOG] [Fast Refresh] rebuilding @ http://localhost:3000/_next/static/chunks/node_modules_next_dist_1ybzpk2._.js:2477
[     399ms] [LOG] [Fast Refresh] done in 206ms @ http://localhost:3000/_next/static/chunks/node_modules_next_dist_1ybzpk2._.js:2477
[  159300ms] [INFO] %cDownload the React DevTools for a better development experience: https://react.dev/link/react-devtools font-weight:bold @ http://localhost:3000/_next/static/chunks/node_modules_next_dist_1ybzpk2._.js:2477
[  159327ms] [LOG] [HMR] connected @ http://localhost:3000/_next/static/chunks/node_modules_next_dist_1ybzpk2._.js:2477
[  164527ms] [WARNING] Image with src "/api/blob-proxy?url=https%3A%2F%2Fqcgudnz7gjfguvas.private.blob.vercel-storage.com%2Fcontent-uploads%2F1788265662283-images-ljl2PbVejjwoXB2jpjNCaVqYC5KpfE.jpg" was detected as the Largest Contentful Paint (LCP). Please add the `loading="eager"` property if this image is above the fold.
Read more: https://nextjs.org/docs/app/api-reference/components/image#loading @ http://localhost:3000/_next/static/chunks/node_modules_next_dist_1ybzpk2._.js:2477
[  288636ms] [LOG] [Fast Refresh] rebuilding @ http://localhost:3000/_next/static/chunks/node_modules_next_dist_1ybzpk2._.js:2477
[  288959ms] [LOG] [Fast Refresh] done in 198ms @ http://localhost:3000/_next/static/chunks/node_modules_next_dist_1ybzpk2._.js:2477
[  289084ms] [LOG] [Fast Refresh] rebuilding @ http://localhost:3000/_next/static/chunks/node_modules_next_dist_1ybzpk2._.js:2477
[  289098ms] [LOG] [Fast Refresh] done in 123ms @ http://localhost:3000/_next/static/chunks/node_modules_next_dist_1ybzpk2._.js:2477
[  358771ms] [LOG] [Fast Refresh] rebuilding @ http://localhost:3000/_next/static/chunks/node_modules_next_dist_1ybzpk2._.js:2477
[  358880ms] [ERROR] Failed to load resource: the server responded with a status of 500 (Internal Server Error) @ http://localhost:3000/?_rsc=q3mOO9BClNZHexY7:0
[  358891ms] [ERROR] ./src/components/layouts/LandingNavbar.jsx:53:1
Unexpected token. Did you mean `{'}'}` or `&rbrace;`?
  51 |     </nav>
  52 |   );
> 53 | }
     | ^
  54 |

Parsing ecmascript source code failed

Import trace:
  Server Component:
    ./src/components/layouts/LandingNavbar.jsx
    ./src/app/page.tsx @ http://localhost:3000/_next/static/chunks/node_modules_next_dist_1ybzpk2._.js:3318
[  358951ms] [ERROR] Failed to load resource: the server responded with a status of 500 (Internal Server Error) @ http://localhost:3000/:0
[  359033ms] [INFO] %cDownload the React DevTools for a better development experience: https://react.dev/link/react-devtools font-weight:bold @ http://localhost:3000/_next/static/chunks/node_modules_react-dom_0kla17-._.js:15305
[  359103ms] Error: ./src/components/layouts/LandingNavbar.jsx:53:1
Unexpected token. Did you mean `{'}'}` or `&rbrace;`?
  51 |     </nav>
  52 |   );
> 53 | }
     | ^
  54 |

Parsing ecmascript source code failed

Import trace:
  Server Component:
    ./src/components/layouts/LandingNavbar.jsx
    ./src/app/page.tsx


    at <unknown> (Error: ./src/components/layouts/LandingNavbar.jsx:53:1)
    at Object.getCompilationErrors (file://C:\Orange Tree LMS\frontend\lms_web_demo\node_modules\next\dist\server\dev\hot-reloader-turbopack.js:1186:59)
    at DevBundlerService.getCompilationError (file://C:\Orange Tree LMS\frontend\lms_web_demo\node_modules\next\dist\server\lib\dev-bundler-service.js:44:55)
    at DevServer.getCompilationError (file://C:\Orange Tree LMS\frontend\lms_web_demo\node_modules\next\dist\server\dev\next-dev-server.js:720:42)
    at DevServer.findPageComponents (file://C:\Orange Tree LMS\frontend\lms_web_demo\node_modules\next\dist\server\dev\next-dev-server.js:690:43)
    at async DevServer.renderErrorToResponseImpl (file://C:\Orange Tree LMS\frontend\lms_web_demo\node_modules\next\dist\server\base-server.js:1753:26)
[  359103ms] [LOG] [HMR] connected @ http://localhost:3000/_next/static/chunks/node_modules_next_dist_20ud_8w._.js:1380
[  359107ms] [ERROR] ./src/components/layouts/LandingNavbar.jsx:53:1
Unexpected token. Did you mean `{'}'}` or `&rbrace;`?
  51 |     </nav>
  52 |   );
> 53 | }
     | ^
  54 |

Parsing ecmascript source code failed

Import trace:
  Server Component:
    ./src/components/layouts/LandingNavbar.jsx
    ./src/app/page.tsx @ http://localhost:3000/_next/static/chunks/node_modules_next_dist_20ud_8w._.js:2099
[  359186ms] [ERROR] ./src/components/layouts/LandingNavbar.jsx:53:1
Unexpected token. Did you mean `{'}'}` or `&rbrace;`?
  51 |     </nav>
  52 |   );
> 53 | }
     | ^
  54 |

Parsing ecmascript source code failed

Import trace:
  Server Component:
    ./src/components/layouts/LandingNavbar.jsx
    ./src/app/page.tsx @ http://localhost:3000/_next/static/chunks/node_modules_next_dist_20ud_8w._.js:2099
[  359252ms] [ERROR] ./src/components/layouts/LandingNavbar.jsx:53:1
Unexpected token. Did you mean `{'}'}` or `&rbrace;`?
  51 |     </nav>
  52 |   );
> 53 | }
     | ^
  54 |

Parsing ecmascript source code failed

Import trace:
  Server Component:
    ./src/components/layouts/LandingNavbar.jsx
    ./src/app/page.tsx @ http://localhost:3000/_next/static/chunks/node_modules_next_dist_20ud_8w._.js:2099
[  359305ms] [ERROR] ./src/components/layouts/LandingNavbar.jsx:53:1
Unexpected token. Did you mean `{'}'}` or `&rbrace;`?
  51 |     </nav>
  52 |   );
> 53 | }
     | ^
  54 |

Parsing ecmascript source code failed

Import trace:
  Server Component:
    ./src/components/layouts/LandingNavbar.jsx
    ./src/app/page.tsx @ http://localhost:3000/_next/static/chunks/node_modules_next_dist_20ud_8w._.js:2099
[  359376ms] [ERROR] ./src/components/layouts/LandingNavbar.jsx:53:1
Unexpected token. Did you mean `{'}'}` or `&rbrace;`?
  51 |     </nav>
  52 |   );
> 53 | }
     | ^
  54 |

Parsing ecmascript source code failed

Import trace:
  Server Component:
    ./src/components/layouts/LandingNavbar.jsx
    ./src/app/page.tsx @ http://localhost:3000/_next/static/chunks/node_modules_next_dist_20ud_8w._.js:2099
[  359439ms] [ERROR] ./src/components/layouts/LandingNavbar.jsx:53:1
Unexpected token. Did you mean `{'}'}` or `&rbrace;`?
  51 |     </nav>
  52 |   );
> 53 | }
     | ^
  54 |

Parsing ecmascript source code failed

Import trace:
  Server Component:
    ./src/components/layouts/LandingNavbar.jsx
    ./src/app/page.tsx @ http://localhost:3000/_next/static/chunks/node_modules_next_dist_20ud_8w._.js:2099
[  359503ms] [ERROR] ./src/components/layouts/LandingNavbar.jsx:53:1
Unexpected token. Did you mean `{'}'}` or `&rbrace;`?
  51 |     </nav>
  52 |   );
> 53 | }
     | ^
  54 |

Parsing ecmascript source code failed

Import trace:
  Server Component:
    ./src/components/layouts/LandingNavbar.jsx
    ./src/app/page.tsx @ http://localhost:3000/_next/static/chunks/node_modules_next_dist_20ud_8w._.js:2099
[  359559ms] [ERROR] ./src/components/layouts/LandingNavbar.jsx:53:1
Unexpected token. Did you mean `{'}'}` or `&rbrace;`?
  51 |     </nav>
  52 |   );
> 53 | }
     | ^
  54 |

Parsing ecmascript source code failed

Import trace:
  Server Component:
    ./src/components/layouts/LandingNavbar.jsx
    ./src/app/page.tsx @ http://localhost:3000/_next/static/chunks/node_modules_next_dist_20ud_8w._.js:2099
[  359619ms] [ERROR] ./src/components/layouts/LandingNavbar.jsx:53:1
Unexpected token. Did you mean `{'}'}` or `&rbrace;`?
  51 |     </nav>
  52 |   );
> 53 | }
     | ^
  54 |

Parsing ecmascript source code failed

Import trace:
  Server Component:
    ./src/components/layouts/LandingNavbar.jsx
    ./src/app/page.tsx @ http://localhost:3000/_next/static/chunks/node_modules_next_dist_20ud_8w._.js:2099
[  359682ms] [ERROR] ./src/components/layouts/LandingNavbar.jsx:53:1
Unexpected token. Did you mean `{'}'}` or `&rbrace;`?
  51 |     </nav>
  52 |   );
> 53 | }
     | ^
  54 |

Parsing ecmascript source code failed

Import trace:
  Server Component:
    ./src/components/layouts/LandingNavbar.jsx
    ./src/app/page.tsx @ http://localhost:3000/_next/static/chunks/node_modules_next_dist_20ud_8w._.js:2099
[  359755ms] [ERROR] ./src/components/layouts/LandingNavbar.jsx:53:1
Unexpected token. Did you mean `{'}'}` or `&rbrace;`?
  51 |     </nav>
  52 |   );
> 53 | }
     | ^
  54 |

Parsing ecmascript source code failed

Import trace:
  Server Component:
    ./src/components/layouts/LandingNavbar.jsx
    ./src/app/page.tsx @ http://localhost:3000/_next/static/chunks/node_modules_next_dist_20ud_8w._.js:2099
[  359817ms] [ERROR] ./src/components/layouts/LandingNavbar.jsx:53:1
Unexpected token. Did you mean `{'}'}` or `&rbrace;`?
  51 |     </nav>
  52 |   );
> 53 | }
     | ^
  54 |

Parsing ecmascript source code failed

Import trace:
  Server Component:
    ./src/components/layouts/LandingNavbar.jsx
    ./src/app/page.tsx @ http://localhost:3000/_next/static/chunks/node_modules_next_dist_20ud_8w._.js:2099
[  359881ms] [ERROR] ./src/components/layouts/LandingNavbar.jsx:53:1
Unexpected token. Did you mean `{'}'}` or `&rbrace;`?
  51 |     </nav>
  52 |   );
> 53 | }
     | ^
  54 |

Parsing ecmascript source code failed

Import trace:
  Server Component:
    ./src/components/layouts/LandingNavbar.jsx
    ./src/app/page.tsx @ http://localhost:3000/_next/static/chunks/node_modules_next_dist_20ud_8w._.js:2099
[  359944ms] [ERROR] ./src/components/layouts/LandingNavbar.jsx:53:1
Unexpected token. Did you mean `{'}'}` or `&rbrace;`?
  51 |     </nav>
  52 |   );
> 53 | }
     | ^
  54 |

Parsing ecmascript source code failed

Import trace:
  Server Component:
    ./src/components/layouts/LandingNavbar.jsx
    ./src/app/page.tsx @ http://localhost:3000/_next/static/chunks/node_modules_next_dist_20ud_8w._.js:2099
[  360006ms] [ERROR] ./src/components/layouts/LandingNavbar.jsx:53:1
Unexpected token. Did you mean `{'}'}` or `&rbrace;`?
  51 |     </nav>
  52 |   );
> 53 | }
     | ^
  54 |

Parsing ecmascript source code failed

Import trace:
  Server Component:
    ./src/components/layouts/LandingNavbar.jsx
    ./src/app/page.tsx @ http://localhost:3000/_next/static/chunks/node_modules_next_dist_20ud_8w._.js:2099
[  360072ms] [ERROR] ./src/components/layouts/LandingNavbar.jsx:53:1
Unexpected token. Did you mean `{'}'}` or `&rbrace;`?
  51 |     </nav>
  52 |   );
> 53 | }
     | ^
  54 |

Parsing ecmascript source code failed

Import trace:
  Server Component:
    ./src/components/layouts/LandingNavbar.jsx
    ./src/app/page.tsx @ http://localhost:3000/_next/static/chunks/node_modules_next_dist_20ud_8w._.js:2099
[  360138ms] [ERROR] ./src/components/layouts/LandingNavbar.jsx:53:1
Unexpected token. Did you mean `{'}'}` or `&rbrace;`?
  51 |     </nav>
  52 |   );
> 53 | }
     | ^
  54 |

Parsing ecmascript source code failed

Import trace:
  Server Component:
    ./src/components/layouts/LandingNavbar.jsx
    ./src/app/page.tsx @ http://localhost:3000/_next/static/chunks/node_modules_next_dist_20ud_8w._.js:2099
[  360205ms] [ERROR] ./src/components/layouts/LandingNavbar.jsx:53:1
Unexpected token. Did you mean `{'}'}` or `&rbrace;`?
  51 |     </nav>
  52 |   );
> 53 | }
     | ^
  54 |

Parsing ecmascript source code failed

Import trace:
  Server Component:
    ./src/components/layouts/LandingNavbar.jsx
    ./src/app/page.tsx @ http://localhost:3000/_next/static/chunks/node_modules_next_dist_20ud_8w._.js:2099
[  360270ms] [ERROR] ./src/components/layouts/LandingNavbar.jsx:53:1
Unexpected token. Did you mean `{'}'}` or `&rbrace;`?
  51 |     </nav>
  52 |   );
> 53 | }
     | ^
  54 |

Parsing ecmascript source code failed

Import trace:
  Server Component:
    ./src/components/layouts/LandingNavbar.jsx
    ./src/app/page.tsx @ http://localhost:3000/_next/static/chunks/node_modules_next_dist_20ud_8w._.js:2099
[  360335ms] [ERROR] ./src/components/layouts/LandingNavbar.jsx:53:1
Unexpected token. Did you mean `{'}'}` or `&rbrace;`?
  51 |     </nav>
  52 |   );
> 53 | }
     | ^
  54 |

Parsing ecmascript source code failed

Import trace:
  Server Component:
    ./src/components/layouts/LandingNavbar.jsx
    ./src/app/page.tsx @ http://localhost:3000/_next/static/chunks/node_modules_next_dist_20ud_8w._.js:2099
[  360403ms] [ERROR] ./src/components/layouts/LandingNavbar.jsx:53:1
Unexpected token. Did you mean `{'}'}` or `&rbrace;`?
  51 |     </nav>
  52 |   );
> 53 | }
     | ^
  54 |

Parsing ecmascript source code failed

Import trace:
  Server Component:
    ./src/components/layouts/LandingNavbar.jsx
    ./src/app/page.tsx @ http://localhost:3000/_next/static/chunks/node_modules_next_dist_20ud_8w._.js:2099
[  360470ms] [ERROR] ./src/components/layouts/LandingNavbar.jsx:53:1
Unexpected token. Did you mean `{'}'}` or `&rbrace;`?
  51 |     </nav>
  52 |   );
> 53 | }
     | ^
  54 |

Parsing ecmascript source code failed

Import trace:
  Server Component:
    ./src/components/layouts/LandingNavbar.jsx
    ./src/app/page.tsx @ http://localhost:3000/_next/static/chunks/node_modules_next_dist_20ud_8w._.js:2099
[  360538ms] [ERROR] ./src/components/layouts/LandingNavbar.jsx:53:1
Unexpected token. Did you mean `{'}'}` or `&rbrace;`?
  51 |     </nav>
  52 |   );
> 53 | }
     | ^
  54 |

Parsing ecmascript source code failed

Import trace:
  Server Component:
    ./src/components/layouts/LandingNavbar.jsx
    ./src/app/page.tsx @ http://localhost:3000/_next/static/chunks/node_modules_next_dist_20ud_8w._.js:2099
[  360604ms] [ERROR] ./src/components/layouts/LandingNavbar.jsx:53:1
Unexpected token. Did you mean `{'}'}` or `&rbrace;`?
  51 |     </nav>
  52 |   );
> 53 | }
     | ^
  54 |

Parsing ecmascript source code failed

Import trace:
  Server Component:
    ./src/components/layouts/LandingNavbar.jsx
    ./src/app/page.tsx @ http://localhost:3000/_next/static/chunks/node_modules_next_dist_20ud_8w._.js:2099
[  360670ms] [ERROR] ./src/components/layouts/LandingNavbar.jsx:53:1
Unexpected token. Did you mean `{'}'}` or `&rbrace;`?
  51 |     </nav>
  52 |   );
> 53 | }
     | ^
  54 |

Parsing ecmascript source code failed

Import trace:
  Server Component:
    ./src/components/layouts/LandingNavbar.jsx
    ./src/app/page.tsx @ http://localhost:3000/_next/static/chunks/node_modules_next_dist_20ud_8w._.js:2099
[  360752ms] [ERROR] ./src/components/layouts/LandingNavbar.jsx:53:1
Unexpected token. Did you mean `{'}'}` or `&rbrace;`?
  51 |     </nav>
  52 |   );
> 53 | }
     | ^
  54 |

Parsing ecmascript source code failed

Import trace:
  Server Component:
    ./src/components/layouts/LandingNavbar.jsx
    ./src/app/page.tsx @ http://localhost:3000/_next/static/chunks/node_modules_next_dist_20ud_8w._.js:2099
[  360804ms] [ERROR] ./src/components/layouts/LandingNavbar.jsx:53:1
Unexpected token. Did you mean `{'}'}` or `&rbrace;`?
  51 |     </nav>
  52 |   );
> 53 | }
     | ^
  54 |

Parsing ecmascript source code failed

Import trace:
  Server Component:
    ./src/components/layouts/LandingNavbar.jsx
    ./src/app/page.tsx @ http://localhost:3000/_next/static/chunks/node_modules_next_dist_20ud_8w._.js:2099
[  360869ms] [ERROR] ./src/components/layouts/LandingNavbar.jsx:53:1
Unexpected token. Did you mean `{'}'}` or `&rbrace;`?
  51 |     </nav>
  52 |   );
> 53 | }
     | ^
  54 |

Parsing ecmascript source code failed

Import trace:
  Server Component:
    ./src/components/layouts/LandingNavbar.jsx
    ./src/app/page.tsx @ http://localhost:3000/_next/static/chunks/node_modules_next_dist_20ud_8w._.js:2099
[  360935ms] [ERROR] ./src/components/layouts/LandingNavbar.jsx:53:1
Unexpected token. Did you mean `{'}'}` or `&rbrace;`?
  51 |     </nav>
  52 |   );
> 53 | }
     | ^
  54 |

Parsing ecmascript source code failed

Import trace:
  Server Component:
    ./src/components/layouts/LandingNavbar.jsx
    ./src/app/page.tsx @ http://localhost:3000/_next/static/chunks/node_modules_next_dist_20ud_8w._.js:2099
[  361004ms] [ERROR] ./src/components/layouts/LandingNavbar.jsx:53:1
Unexpected token. Did you mean `{'}'}` or `&rbrace;`?
  51 |     </nav>
  52 |   );
> 53 | }
     | ^
  54 |

Parsing ecmascript source code failed

Import trace:
  Server Component:
    ./src/components/layouts/LandingNavbar.jsx
    ./src/app/page.tsx @ http://localhost:3000/_next/static/chunks/node_modules_next_dist_20ud_8w._.js:2099
[  361055ms] [ERROR] ./src/components/layouts/LandingNavbar.jsx:53:1
Unexpected token. Did you mean `{'}'}` or `&rbrace;`?
  51 |     </nav>
  52 |   );
> 53 | }
     | ^
  54 |

Parsing ecmascript source code failed

Import trace:
  Server Component:
    ./src/components/layouts/LandingNavbar.jsx
    ./src/app/page.tsx @ http://localhost:3000/_next/static/chunks/node_modules_next_dist_20ud_8w._.js:2099
[  361120ms] [ERROR] ./src/components/layouts/LandingNavbar.jsx:53:1
Unexpected token. Did you mean `{'}'}` or `&rbrace;`?
  51 |     </nav>
  52 |   );
> 53 | }
     | ^
  54 |

Parsing ecmascript source code failed

Import trace:
  Server Component:
    ./src/components/layouts/LandingNavbar.jsx
    ./src/app/page.tsx @ http://localhost:3000/_next/static/chunks/node_modules_next_dist_20ud_8w._.js:2099
[  361187ms] [ERROR] ./src/components/layouts/LandingNavbar.jsx:53:1
Unexpected token. Did you mean `{'}'}` or `&rbrace;`?
  51 |     </nav>
  52 |   );
> 53 | }
     | ^
  54 |

Parsing ecmascript source code failed

Import trace:
  Server Component:
    ./src/components/layouts/LandingNavbar.jsx
    ./src/app/page.tsx @ http://localhost:3000/_next/static/chunks/node_modules_next_dist_20ud_8w._.js:2099
[  361257ms] [ERROR] ./src/components/layouts/LandingNavbar.jsx:53:1
Unexpected token. Did you mean `{'}'}` or `&rbrace;`?
  51 |     </nav>
  52 |   );
> 53 | }
     | ^
  54 |

Parsing ecmascript source code failed

Import trace:
  Server Component:
    ./src/components/layouts/LandingNavbar.jsx
    ./src/app/page.tsx @ http://localhost:3000/_next/static/chunks/node_modules_next_dist_20ud_8w._.js:2099
[  361321ms] [ERROR] ./src/components/layouts/LandingNavbar.jsx:53:1
Unexpected token. Did you mean `{'}'}` or `&rbrace;`?
  51 |     </nav>
  52 |   );
> 53 | }
     | ^
  54 |

Parsing ecmascript source code failed

Import trace:
  Server Component:
    ./src/components/layouts/LandingNavbar.jsx
    ./src/app/page.tsx @ http://localhost:3000/_next/static/chunks/node_modules_next_dist_20ud_8w._.js:2099
[  361388ms] [ERROR] ./src/components/layouts/LandingNavbar.jsx:53:1
Unexpected token. Did you mean `{'}'}` or `&rbrace;`?
  51 |     </nav>
  52 |   );
> 53 | }
     | ^
  54 |

Parsing ecmascript source code failed

Import trace:
  Server Component:
    ./src/components/layouts/LandingNavbar.jsx
    ./src/app/page.tsx @ http://localhost:3000/_next/static/chunks/node_modules_next_dist_20ud_8w._.js:2099
[  361454ms] [ERROR] ./src/components/layouts/LandingNavbar.jsx:53:1
Unexpected token. Did you mean `{'}'}` or `&rbrace;`?
  51 |     </nav>
  52 |   );
> 53 | }
     | ^
  54 |

Parsing ecmascript source code failed

Import trace:
  Server Component:
    ./src/components/layouts/LandingNavbar.jsx
    ./src/app/page.tsx @ http://localhost:3000/_next/static/chunks/node_modules_next_dist_20ud_8w._.js:2099
[  361522ms] [ERROR] ./src/components/layouts/LandingNavbar.jsx:53:1
Unexpected token. Did you mean `{'}'}` or `&rbrace;`?
  51 |     </nav>
  52 |   );
> 53 | }
     | ^
  54 |

Parsing ecmascript source code failed

Import trace:
  Server Component:
    ./src/components/layouts/LandingNavbar.jsx
    ./src/app/page.tsx @ http://localhost:3000/_next/static/chunks/node_modules_next_dist_20ud_8w._.js:2099
[  361588ms] [ERROR] ./src/components/layouts/LandingNavbar.jsx:53:1
Unexpected token. Did you mean `{'}'}` or `&rbrace;`?
  51 |     </nav>
  52 |   );
> 53 | }
     | ^
  54 |

Parsing ecmascript source code failed

Import trace:
  Server Component:
    ./src/components/layouts/LandingNavbar.jsx
    ./src/app/page.tsx @ http://localhost:3000/_next/static/chunks/node_modules_next_dist_20ud_8w._.js:2099
[  361655ms] [ERROR] ./src/components/layouts/LandingNavbar.jsx:53:1
Unexpected token. Did you mean `{'}'}` or `&rbrace;`?
  51 |     </nav>
  52 |   );
> 53 | }
     | ^
  54 |

Parsing ecmascript source code failed

Import trace:
  Server Component:
    ./src/components/layouts/LandingNavbar.jsx
    ./src/app/page.tsx @ http://localhost:3000/_next/static/chunks/node_modules_next_dist_20ud_8w._.js:2099
[  361722ms] [ERROR] ./src/components/layouts/LandingNavbar.jsx:53:1
Unexpected token. Did you mean `{'}'}` or `&rbrace;`?
  51 |     </nav>
  52 |   );
> 53 | }
     | ^
  54 |

Parsing ecmascript source code failed

Import trace:
  Server Component:
    ./src/components/layouts/LandingNavbar.jsx
    ./src/app/page.tsx @ http://localhost:3000/_next/static/chunks/node_modules_next_dist_20ud_8w._.js:2099
[  361788ms] [ERROR] ./src/components/layouts/LandingNavbar.jsx:53:1
Unexpected token. Did you mean `{'}'}` or `&rbrace;`?
  51 |     </nav>
  52 |   );
> 53 | }
     | ^
  54 |

Parsing ecmascript source code failed

Import trace:
  Server Component:
    ./src/components/layouts/LandingNavbar.jsx
    ./src/app/page.tsx @ http://localhost:3000/_next/static/chunks/node_modules_next_dist_20ud_8w._.js:2099
[  361854ms] [ERROR] ./src/components/layouts/LandingNavbar.jsx:53:1
Unexpected token. Did you mean `{'}'}` or `&rbrace;`?
  51 |     </nav>
  52 |   );
> 53 | }
     | ^
  54 |

Parsing ecmascript source code failed

Import trace:
  Server Component:
    ./src/components/layouts/LandingNavbar.jsx
    ./src/app/page.tsx @ http://localhost:3000/_next/static/chunks/node_modules_next_dist_20ud_8w._.js:2099
[  361922ms] [ERROR] ./src/components/layouts/LandingNavbar.jsx:53:1
Unexpected token. Did you mean `{'}'}` or `&rbrace;`?
  51 |     </nav>
  52 |   );
> 53 | }
     | ^
  54 |

Parsing ecmascript source code failed

Import trace:
  Server Component:
    ./src/components/layouts/LandingNavbar.jsx
    ./src/app/page.tsx @ http://localhost:3000/_next/static/chunks/node_modules_next_dist_20ud_8w._.js:2099
[  361988ms] [ERROR] ./src/components/layouts/LandingNavbar.jsx:53:1
Unexpected token. Did you mean `{'}'}` or `&rbrace;`?
  51 |     </nav>
  52 |   );
> 53 | }
     | ^
  54 |

Parsing ecmascript source code failed

Import trace:
  Server Component:
    ./src/components/layouts/LandingNavbar.jsx
    ./src/app/page.tsx @ http://localhost:3000/_next/static/chunks/node_modules_next_dist_20ud_8w._.js:2099
[  362055ms] [ERROR] ./src/components/layouts/LandingNavbar.jsx:53:1
Unexpected token. Did you mean `{'}'}` or `&rbrace;`?
  51 |     </nav>
  52 |   );
> 53 | }
     | ^
  54 |

Parsing ecmascript source code failed

Import trace:
  Server Component:
    ./src/components/layouts/LandingNavbar.jsx
    ./src/app/page.tsx @ http://localhost:3000/_next/static/chunks/node_modules_next_dist_20ud_8w._.js:2099
[  362120ms] [ERROR] ./src/components/layouts/LandingNavbar.jsx:53:1
Unexpected token. Did you mean `{'}'}` or `&rbrace;`?
  51 |     </nav>
  52 |   );
> 53 | }
     | ^
  54 |

Parsing ecmascript source code failed

Import trace:
  Server Component:
    ./src/components/layouts/LandingNavbar.jsx
    ./src/app/page.tsx @ http://localhost:3000/_next/static/chunks/node_modules_next_dist_20ud_8w._.js:2099
[  362186ms] [ERROR] ./src/components/layouts/LandingNavbar.jsx:53:1
Unexpected token. Did you mean `{'}'}` or `&rbrace;`?
  51 |     </nav>
  52 |   );
> 53 | }
     | ^
  54 |

Parsing ecmascript source code failed

Import trace:
  Server Component:
    ./src/components/layouts/LandingNavbar.jsx
    ./src/app/page.tsx @ http://localhost:3000/_next/static/chunks/node_modules_next_dist_20ud_8w._.js:2099
[  362253ms] [ERROR] ./src/components/layouts/LandingNavbar.jsx:53:1
Unexpected token. Did you mean `{'}'}` or `&rbrace;`?
  51 |     </nav>
  52 |   );
> 53 | }
     | ^
  54 |

Parsing ecmascript source code failed

Import trace:
  Server Component:
    ./src/components/layouts/LandingNavbar.jsx
    ./src/app/page.tsx @ http://localhost:3000/_next/static/chunks/node_modules_next_dist_20ud_8w._.js:2099
[  362320ms] [ERROR] ./src/components/layouts/LandingNavbar.jsx:53:1
Unexpected token. Did you mean `{'}'}` or `&rbrace;`?
  51 |     </nav>
  52 |   );
> 53 | }
     | ^
  54 |

Parsing ecmascript source code failed

Import trace:
  Server Component:
    ./src/components/layouts/LandingNavbar.jsx
    ./src/app/page.tsx @ http://localhost:3000/_next/static/chunks/node_modules_next_dist_20ud_8w._.js:2099
[  362371ms] [ERROR] ./src/components/layouts/LandingNavbar.jsx:53:1
Unexpected token. Did you mean `{'}'}` or `&rbrace;`?
  51 |     </nav>
  52 |   );
> 53 | }
     | ^
  54 |

Parsing ecmascript source code failed

Import trace:
  Server Component:
    ./src/components/layouts/LandingNavbar.jsx
    ./src/app/page.tsx @ http://localhost:3000/_next/static/chunks/node_modules_next_dist_20ud_8w._.js:2099
[  362436ms] [ERROR] ./src/components/layouts/LandingNavbar.jsx:53:1
Unexpected token. Did you mean `{'}'}` or `&rbrace;`?
  51 |     </nav>
  52 |   );
> 53 | }
     | ^
  54 |

Parsing ecmascript source code failed

Import trace:
  Server Component:
    ./src/components/layouts/LandingNavbar.jsx
    ./src/app/page.tsx @ http://localhost:3000/_next/static/chunks/node_modules_next_dist_20ud_8w._.js:2099
[  362504ms] [ERROR] ./src/components/layouts/LandingNavbar.jsx:53:1
Unexpected token. Did you mean `{'}'}` or `&rbrace;`?
  51 |     </nav>
  52 |   );
> 53 | }
     | ^
  54 |

Parsing ecmascript source code failed

Import trace:
  Server Component:
    ./src/components/layouts/LandingNavbar.jsx
    ./src/app/page.tsx @ http://localhost:3000/_next/static/chunks/node_modules_next_dist_20ud_8w._.js:2099
[  362570ms] [ERROR] ./src/components/layouts/LandingNavbar.jsx:53:1
Unexpected token. Did you mean `{'}'}` or `&rbrace;`?
  51 |     </nav>
  52 |   );
> 53 | }
     | ^
  54 |

Parsing ecmascript source code failed

Import trace:
  Server Component:
    ./src/components/layouts/LandingNavbar.jsx
    ./src/app/page.tsx @ http://localhost:3000/_next/static/chunks/node_modules_next_dist_20ud_8w._.js:2099
[  362636ms] [ERROR] ./src/components/layouts/LandingNavbar.jsx:53:1
Unexpected token. Did you mean `{'}'}` or `&rbrace;`?
  51 |     </nav>
  52 |   );
> 53 | }
     | ^
  54 |

Parsing ecmascript source code failed

Import trace:
  Server Component:
    ./src/components/layouts/LandingNavbar.jsx
    ./src/app/page.tsx @ http://localhost:3000/_next/static/chunks/node_modules_next_dist_20ud_8w._.js:2099
[  362704ms] [ERROR] ./src/components/layouts/LandingNavbar.jsx:53:1
Unexpected token. Did you mean `{'}'}` or `&rbrace;`?
  51 |     </nav>
  52 |   );
> 53 | }
     | ^
  54 |

Parsing ecmascript source code failed

Import trace:
  Server Component:
    ./src/components/layouts/LandingNavbar.jsx
    ./src/app/page.tsx @ http://localhost:3000/_next/static/chunks/node_modules_next_dist_20ud_8w._.js:2099
[  362770ms] [ERROR] ./src/components/layouts/LandingNavbar.jsx:53:1
Unexpected token. Did you mean `{'}'}` or `&rbrace;`?
  51 |     </nav>
  52 |   );
> 53 | }
     | ^
  54 |

Parsing ecmascript source code failed

Import trace:
  Server Component:
    ./src/components/layouts/LandingNavbar.jsx
    ./src/app/page.tsx @ http://localhost:3000/_next/static/chunks/node_modules_next_dist_20ud_8w._.js:2099
[  362838ms] [ERROR] ./src/components/layouts/LandingNavbar.jsx:53:1
Unexpected token. Did you mean `{'}'}` or `&rbrace;`?
  51 |     </nav>
  52 |   );
> 53 | }
     | ^
  54 |

Parsing ecmascript source code failed

Import trace:
  Server Component:
    ./src/components/layouts/LandingNavbar.jsx
    ./src/app/page.tsx @ http://localhost:3000/_next/static/chunks/node_modules_next_dist_20ud_8w._.js:2099
[  362903ms] [ERROR] ./src/components/layouts/LandingNavbar.jsx:53:1
Unexpected token. Did you mean `{'}'}` or `&rbrace;`?
  51 |     </nav>
  52 |   );
> 53 | }
     | ^
  54 |

Parsing ecmascript source code failed

Import trace:
  Server Component:
    ./src/components/layouts/LandingNavbar.jsx
    ./src/app/page.tsx @ http://localhost:3000/_next/static/chunks/node_modules_next_dist_20ud_8w._.js:2099
[  362969ms] [ERROR] ./src/components/layouts/LandingNavbar.jsx:53:1
Unexpected token. Did you mean `{'}'}` or `&rbrace;`?
  51 |     </nav>
  52 |   );
> 53 | }
     | ^
  54 |

Parsing ecmascript source code failed

Import trace:
  Server Component:
    ./src/components/layouts/LandingNavbar.jsx
    ./src/app/page.tsx @ http://localhost:3000/_next/static/chunks/node_modules_next_dist_20ud_8w._.js:2099
[  363037ms] [ERROR] ./src/components/layouts/LandingNavbar.jsx:53:1
Unexpected token. Did you mean `{'}'}` or `&rbrace;`?
  51 |     </nav>
  52 |   );
> 53 | }
     | ^
  54 |

Parsing ecmascript source code failed

Import trace:
  Server Component:
    ./src/components/layouts/LandingNavbar.jsx
    ./src/app/page.tsx @ http://localhost:3000/_next/static/chunks/node_modules_next_dist_20ud_8w._.js:2099
[  363104ms] [ERROR] ./src/components/layouts/LandingNavbar.jsx:53:1
Unexpected token. Did you mean `{'}'}` or `&rbrace;`?
  51 |     </nav>
  52 |   );
> 53 | }
     | ^
  54 |

Parsing ecmascript source code failed

Import trace:
  Server Component:
    ./src/components/layouts/LandingNavbar.jsx
    ./src/app/page.tsx @ http://localhost:3000/_next/static/chunks/node_modules_next_dist_20ud_8w._.js:2099
[  363171ms] [ERROR] ./src/components/layouts/LandingNavbar.jsx:53:1
Unexpected token. Did you mean `{'}'}` or `&rbrace;`?
  51 |     </nav>
  52 |   );
> 53 | }
     | ^
  54 |

Parsing ecmascript source code failed

Import trace:
  Server Component:
    ./src/components/layouts/LandingNavbar.jsx
    ./src/app/page.tsx @ http://localhost:3000/_next/static/chunks/node_modules_next_dist_20ud_8w._.js:2099
[  363238ms] [ERROR] ./src/components/layouts/LandingNavbar.jsx:53:1
Unexpected token. Did you mean `{'}'}` or `&rbrace;`?
  51 |     </nav>
  52 |   );
> 53 | }
     | ^
  54 |

Parsing ecmascript source code failed

Import trace:
  Server Component:
    ./src/components/layouts/LandingNavbar.jsx
    ./src/app/page.tsx @ http://localhost:3000/_next/static/chunks/node_modules_next_dist_20ud_8w._.js:2099
[  363303ms] [ERROR] ./src/components/layouts/LandingNavbar.jsx:53:1
Unexpected token. Did you mean `{'}'}` or `&rbrace;`?
  51 |     </nav>
  52 |   );
> 53 | }
     | ^
  54 |

Parsing ecmascript source code failed

Import trace:
  Server Component:
    ./src/components/layouts/LandingNavbar.jsx
    ./src/app/page.tsx @ http://localhost:3000/_next/static/chunks/node_modules_next_dist_20ud_8w._.js:2099
[  363371ms] [ERROR] ./src/components/layouts/LandingNavbar.jsx:53:1
Unexpected token. Did you mean `{'}'}` or `&rbrace;`?
  51 |     </nav>
  52 |   );
> 53 | }
     | ^
  54 |

Parsing ecmascript source code failed

Import trace:
  Server Component:
    ./src/components/layouts/LandingNavbar.jsx
    ./src/app/page.tsx @ http://localhost:3000/_next/static/chunks/node_modules_next_dist_20ud_8w._.js:2099
[  363438ms] [ERROR] ./src/components/layouts/LandingNavbar.jsx:53:1
Unexpected token. Did you mean `{'}'}` or `&rbrace;`?
  51 |     </nav>
  52 |   );
> 53 | }
     | ^
  54 |

Parsing ecmascript source code failed

Import trace:
  Server Component:
    ./src/components/layouts/LandingNavbar.jsx
    ./src/app/page.tsx @ http://localhost:3000/_next/static/chunks/node_modules_next_dist_20ud_8w._.js:2099
[  363503ms] [ERROR] ./src/components/layouts/LandingNavbar.jsx:53:1
Unexpected token. Did you mean `{'}'}` or `&rbrace;`?
  51 |     </nav>
  52 |   );
> 53 | }
     | ^
  54 |

Parsing ecmascript source code failed

Import trace:
  Server Component:
    ./src/components/layouts/LandingNavbar.jsx
    ./src/app/page.tsx @ http://localhost:3000/_next/static/chunks/node_modules_next_dist_20ud_8w._.js:2099
[  363570ms] [ERROR] ./src/components/layouts/LandingNavbar.jsx:53:1
Unexpected token. Did you mean `{'}'}` or `&rbrace;`?
  51 |     </nav>
  52 |   );
> 53 | }
     | ^
  54 |

Parsing ecmascript source code failed

Import trace:
  Server Component:
    ./src/components/layouts/LandingNavbar.jsx
    ./src/app/page.tsx @ http://localhost:3000/_next/static/chunks/node_modules_next_dist_20ud_8w._.js:2099
[  363637ms] [ERROR] ./src/components/layouts/LandingNavbar.jsx:53:1
Unexpected token. Did you mean `{'}'}` or `&rbrace;`?
  51 |     </nav>
  52 |   );
> 53 | }
     | ^
  54 |

Parsing ecmascript source code failed

Import trace:
  Server Component:
    ./src/components/layouts/LandingNavbar.jsx
    ./src/app/page.tsx @ http://localhost:3000/_next/static/chunks/node_modules_next_dist_20ud_8w._.js:2099
[  363689ms] [ERROR] ./src/components/layouts/LandingNavbar.jsx:53:1
Unexpected token. Did you mean `{'}'}` or `&rbrace;`?
  51 |     </nav>
  52 |   );
> 53 | }
     | ^
  54 |

Parsing ecmascript source code failed

Import trace:
  Server Component:
    ./src/components/layouts/LandingNavbar.jsx
    ./src/app/page.tsx @ http://localhost:3000/_next/static/chunks/node_modules_next_dist_20ud_8w._.js:2099
[  363754ms] [ERROR] ./src/components/layouts/LandingNavbar.jsx:53:1
Unexpected token. Did you mean `{'}'}` or `&rbrace;`?
  51 |     </nav>
  52 |   );
> 53 | }
     | ^
  54 |

Parsing ecmascript source code failed

Import trace:
  Server Component:
    ./src/components/layouts/LandingNavbar.jsx
    ./src/app/page.tsx @ http://localhost:3000/_next/static/chunks/node_modules_next_dist_20ud_8w._.js:2099
[  363807ms] [ERROR] ./src/components/layouts/LandingNavbar.jsx:53:1
Unexpected token. Did you mean `{'}'}` or `&rbrace;`?
  51 |     </nav>
  52 |   );
> 53 | }
     | ^
  54 |

Parsing ecmascript source code failed

Import trace:
  Server Component:
    ./src/components/layouts/LandingNavbar.jsx
    ./src/app/page.tsx @ http://localhost:3000/_next/static/chunks/node_modules_next_dist_20ud_8w._.js:2099
[  363876ms] [ERROR] ./src/components/layouts/LandingNavbar.jsx:53:1
Unexpected token. Did you mean `{'}'}` or `&rbrace;`?
  51 |     </nav>
  52 |   );
> 53 | }
     | ^
  54 |

Parsing ecmascript source code failed

Import trace:
  Server Component:
    ./src/components/layouts/LandingNavbar.jsx
    ./src/app/page.tsx @ http://localhost:3000/_next/static/chunks/node_modules_next_dist_20ud_8w._.js:2099
[  363940ms] [ERROR] ./src/components/layouts/LandingNavbar.jsx:53:1
Unexpected token. Did you mean `{'}'}` or `&rbrace;`?
  51 |     </nav>
  52 |   );
> 53 | }
     | ^
  54 |

Parsing ecmascript source code failed

Import trace:
  Server Component:
    ./src/components/layouts/LandingNavbar.jsx
    ./src/app/page.tsx @ http://localhost:3000/_next/static/chunks/node_modules_next_dist_20ud_8w._.js:2099
[  364004ms] [ERROR] ./src/components/layouts/LandingNavbar.jsx:53:1
Unexpected token. Did you mean `{'}'}` or `&rbrace;`?
  51 |     </nav>
  52 |   );
> 53 | }
     | ^
  54 |

Parsing ecmascript source code failed

Import trace:
  Server Component:
    ./src/components/layouts/LandingNavbar.jsx
    ./src/app/page.tsx @ http://localhost:3000/_next/static/chunks/node_modules_next_dist_20ud_8w._.js:2099
[  364068ms] [ERROR] ./src/components/layouts/LandingNavbar.jsx:53:1
Unexpected token. Did you mean `{'}'}` or `&rbrace;`?
  51 |     </nav>
  52 |   );
> 53 | }
     | ^
  54 |

Parsing ecmascript source code failed

Import trace:
  Server Component:
    ./src/components/layouts/LandingNavbar.jsx
    ./src/app/page.tsx @ http://localhost:3000/_next/static/chunks/node_modules_next_dist_20ud_8w._.js:2099
[  364122ms] [ERROR] ./src/components/layouts/LandingNavbar.jsx:53:1
Unexpected token. Did you mean `{'}'}` or `&rbrace;`?
  51 |     </nav>
  52 |   );
> 53 | }
     | ^
  54 |

Parsing ecmascript source code failed

Import trace:
  Server Component:
    ./src/components/layouts/LandingNavbar.jsx
    ./src/app/page.tsx @ http://localhost:3000/_next/static/chunks/node_modules_next_dist_20ud_8w._.js:2099
[  364190ms] [ERROR] ./src/components/layouts/LandingNavbar.jsx:53:1
Unexpected token. Did you mean `{'}'}` or `&rbrace;`?
  51 |     </nav>
  52 |   );
> 53 | }
     | ^
  54 |

Parsing ecmascript source code failed

Import trace:
  Server Component:
    ./src/components/layouts/LandingNavbar.jsx
    ./src/app/page.tsx @ http://localhost:3000/_next/static/chunks/node_modules_next_dist_20ud_8w._.js:2099
[  364255ms] [ERROR] ./src/components/layouts/LandingNavbar.jsx:53:1
Unexpected token. Did you mean `{'}'}` or `&rbrace;`?
  51 |     </nav>
  52 |   );
> 53 | }
     | ^
  54 |

Parsing ecmascript source code failed

Import trace:
  Server Component:
    ./src/components/layouts/LandingNavbar.jsx
    ./src/app/page.tsx @ http://localhost:3000/_next/static/chunks/node_modules_next_dist_20ud_8w._.js:2099
[  364320ms] [ERROR] ./src/components/layouts/LandingNavbar.jsx:53:1
Unexpected token. Did you mean `{'}'}` or `&rbrace;`?
  51 |     </nav>
  52 |   );
> 53 | }
     | ^
  54 |

Parsing ecmascript source code failed

Import trace:
  Server Component:
    ./src/components/layouts/LandingNavbar.jsx
    ./src/app/page.tsx @ http://localhost:3000/_next/static/chunks/node_modules_next_dist_20ud_8w._.js:2099
[  364375ms] [ERROR] ./src/components/layouts/LandingNavbar.jsx:53:1
Unexpected token. Did you mean `{'}'}` or `&rbrace;`?
  51 |     </nav>
  52 |   );
> 53 | }
     | ^
  54 |

Parsing ecmascript source code failed

Import trace:
  Server Component:
    ./src/components/layouts/LandingNavbar.jsx
    ./src/app/page.tsx @ http://localhost:3000/_next/static/chunks/node_modules_next_dist_20ud_8w._.js:2099
[  364436ms] [ERROR] ./src/components/layouts/LandingNavbar.jsx:53:1
Unexpected token. Did you mean `{'}'}` or `&rbrace;`?
  51 |     </nav>
  52 |   );
> 53 | }
     | ^
  54 |

Parsing ecmascript source code failed

Import trace:
  Server Component:
    ./src/components/layouts/LandingNavbar.jsx
    ./src/app/page.tsx @ http://localhost:3000/_next/static/chunks/node_modules_next_dist_20ud_8w._.js:2099
[  364507ms] [ERROR] ./src/components/layouts/LandingNavbar.jsx:53:1
Unexpected token. Did you mean `{'}'}` or `&rbrace;`?
  51 |     </nav>
  52 |   );
> 53 | }
     | ^
  54 |

Parsing ecmascript source code failed

Import trace:
  Server Component:
    ./src/components/layouts/LandingNavbar.jsx
    ./src/app/page.tsx @ http://localhost:3000/_next/static/chunks/node_modules_next_dist_20ud_8w._.js:2099
[  364570ms] [ERROR] ./src/components/layouts/LandingNavbar.jsx:53:1
Unexpected token. Did you mean `{'}'}` or `&rbrace;`?
  51 |     </nav>
  52 |   );
> 53 | }
     | ^
  54 |

Parsing ecmascript source code failed

Import trace:
  Server Component:
    ./src/components/layouts/LandingNavbar.jsx
    ./src/app/page.tsx @ http://localhost:3000/_next/static/chunks/node_modules_next_dist_20ud_8w._.js:2099
[  364638ms] [ERROR] ./src/components/layouts/LandingNavbar.jsx:53:1
Unexpected token. Did you mean `{'}'}` or `&rbrace;`?
  51 |     </nav>
  52 |   );
> 53 | }
     | ^
  54 |

Parsing ecmascript source code failed

Import trace:
  Server Component:
    ./src/components/layouts/LandingNavbar.jsx
    ./src/app/page.tsx @ http://localhost:3000/_next/static/chunks/node_modules_next_dist_20ud_8w._.js:2099
[  364700ms] [ERROR] ./src/components/layouts/LandingNavbar.jsx:53:1
Unexpected token. Did you mean `{'}'}` or `&rbrace;`?
  51 |     </nav>
  52 |   );
> 53 | }
     | ^
  54 |

Parsing ecmascript source code failed

Import trace:
  Server Component:
    ./src/components/layouts/LandingNavbar.jsx
    ./src/app/page.tsx @ http://localhost:3000/_next/static/chunks/node_modules_next_dist_20ud_8w._.js:2099
[  364762ms] [ERROR] ./src/components/layouts/LandingNavbar.jsx:53:1
Unexpected token. Did you mean `{'}'}` or `&rbrace;`?
  51 |     </nav>
  52 |   );
> 53 | }
     | ^
  54 |

Parsing ecmascript source code failed

Import trace:
  Server Component:
    ./src/components/layouts/LandingNavbar.jsx
    ./src/app/page.tsx @ http://localhost:3000/_next/static/chunks/node_modules_next_dist_20ud_8w._.js:2099
[  364821ms] [ERROR] ./src/components/layouts/LandingNavbar.jsx:53:1
Unexpected token. Did you mean `{'}'}` or `&rbrace;`?
  51 |     </nav>
  52 |   );
> 53 | }
     | ^
  54 |

Parsing ecmascript source code failed

Import trace:
  Server Component:
    ./src/components/layouts/LandingNavbar.jsx
    ./src/app/page.tsx @ http://localhost:3000/_next/static/chunks/node_modules_next_dist_20ud_8w._.js:2099
[  364886ms] [ERROR] ./src/components/layouts/LandingNavbar.jsx:53:1
Unexpected token. Did you mean `{'}'}` or `&rbrace;`?
  51 |     </nav>
  52 |   );
> 53 | }
     | ^
  54 |

Parsing ecmascript source code failed

Import trace:
  Server Component:
    ./src/components/layouts/LandingNavbar.jsx
    ./src/app/page.tsx @ http://localhost:3000/_next/static/chunks/node_modules_next_dist_20ud_8w._.js:2099
[  364953ms] [ERROR] ./src/components/layouts/LandingNavbar.jsx:53:1
Unexpected token. Did you mean `{'}'}` or `&rbrace;`?
  51 |     </nav>
  52 |   );
> 53 | }
     | ^
  54 |

Parsing ecmascript source code failed

Import trace:
  Server Component:
    ./src/components/layouts/LandingNavbar.jsx
    ./src/app/page.tsx @ http://localhost:3000/_next/static/chunks/node_modules_next_dist_20ud_8w._.js:2099
[  365021ms] [ERROR] ./src/components/layouts/LandingNavbar.jsx:53:1
Unexpected token. Did you mean `{'}'}` or `&rbrace;`?
  51 |     </nav>
  52 |   );
> 53 | }
     | ^
  54 |

Parsing ecmascript source code failed

Import trace:
  Server Component:
    ./src/components/layouts/LandingNavbar.jsx
    ./src/app/page.tsx @ http://localhost:3000/_next/static/chunks/node_modules_next_dist_20ud_8w._.js:2099
[  365087ms] [ERROR] ./src/components/layouts/LandingNavbar.jsx:53:1
Unexpected token. Did you mean `{'}'}` or `&rbrace;`?
  51 |     </nav>
  52 |   );
> 53 | }
     | ^
  54 |

Parsing ecmascript source code failed

Import trace:
  Server Component:
    ./src/components/layouts/LandingNavbar.jsx
    ./src/app/page.tsx @ http://localhost:3000/_next/static/chunks/node_modules_next_dist_20ud_8w._.js:2099
[  365154ms] [ERROR] ./src/components/layouts/LandingNavbar.jsx:53:1
Unexpected token. Did you mean `{'}'}` or `&rbrace;`?
  51 |     </nav>
  52 |   );
> 53 | }
     | ^
  54 |

Parsing ecmascript source code failed

Import trace:
  Server Component:
    ./src/components/layouts/LandingNavbar.jsx
    ./src/app/page.tsx @ http://localhost:3000/_next/static/chunks/node_modules_next_dist_20ud_8w._.js:2099
[  365222ms] [ERROR] ./src/components/layouts/LandingNavbar.jsx:53:1
Unexpected token. Did you mean `{'}'}` or `&rbrace;`?
  51 |     </nav>
  52 |   );
> 53 | }
     | ^
  54 |

Parsing ecmascript source code failed

Import trace:
  Server Component:
    ./src/components/layouts/LandingNavbar.jsx
    ./src/app/page.tsx @ http://localhost:3000/_next/static/chunks/node_modules_next_dist_20ud_8w._.js:2099
[  365287ms] [ERROR] ./src/components/layouts/LandingNavbar.jsx:53:1
Unexpected token. Did you mean `{'}'}` or `&rbrace;`?
  51 |     </nav>
  52 |   );
> 53 | }
     | ^
  54 |

Parsing ecmascript source code failed

Import trace:
  Server Component:
    ./src/components/layouts/LandingNavbar.jsx
    ./src/app/page.tsx @ http://localhost:3000/_next/static/chunks/node_modules_next_dist_20ud_8w._.js:2099
[  365356ms] [ERROR] ./src/components/layouts/LandingNavbar.jsx:53:1
Unexpected token. Did you mean `{'}'}` or `&rbrace;`?
  51 |     </nav>
  52 |   );
> 53 | }
     | ^
  54 |

Parsing ecmascript source code failed

Import trace:
  Server Component:
    ./src/components/layouts/LandingNavbar.jsx
    ./src/app/page.tsx @ http://localhost:3000/_next/static/chunks/node_modules_next_dist_20ud_8w._.js:2099
[  365421ms] [ERROR] ./src/components/layouts/LandingNavbar.jsx:53:1
Unexpected token. Did you mean `{'}'}` or `&rbrace;`?
  51 |     </nav>
  52 |   );
> 53 | }
     | ^
  54 |

Parsing ecmascript source code failed

Import trace:
  Server Component:
    ./src/components/layouts/LandingNavbar.jsx
    ./src/app/page.tsx @ http://localhost:3000/_next/static/chunks/node_modules_next_dist_20ud_8w._.js:2099
[  365487ms] [ERROR] ./src/components/layouts/LandingNavbar.jsx:53:1
Unexpected token. Did you mean `{'}'}` or `&rbrace;`?
  51 |     </nav>
  52 |   );
> 53 | }
     | ^
  54 |

Parsing ecmascript source code failed

Import trace:
  Server Component:
    ./src/components/layouts/LandingNavbar.jsx
    ./src/app/page.tsx @ http://localhost:3000/_next/static/chunks/node_modules_next_dist_20ud_8w._.js:2099
[  365554ms] [ERROR] ./src/components/layouts/LandingNavbar.jsx:53:1
Unexpected token. Did you mean `{'}'}` or `&rbrace;`?
  51 |     </nav>
  52 |   );
> 53 | }
     | ^
  54 |

Parsing ecmascript source code failed

Import trace:
  Server Component:
    ./src/components/layouts/LandingNavbar.jsx
    ./src/app/page.tsx @ http://localhost:3000/_next/static/chunks/node_modules_next_dist_20ud_8w._.js:2099
[  365609ms] [ERROR] ./src/components/layouts/LandingNavbar.jsx:53:1
Unexpected token. Did you mean `{'}'}` or `&rbrace;`?
  51 |     </nav>
  52 |   );
> 53 | }
     | ^
  54 |

Parsing ecmascript source code failed

Import trace:
  Server Component:
    ./src/components/layouts/LandingNavbar.jsx
    ./src/app/page.tsx @ http://localhost:3000/_next/static/chunks/node_modules_next_dist_20ud_8w._.js:2099
[  365672ms] [ERROR] ./src/components/layouts/LandingNavbar.jsx:53:1
Unexpected token. Did you mean `{'}'}` or `&rbrace;`?
  51 |     </nav>
  52 |   );
> 53 | }
     | ^
  54 |

Parsing ecmascript source code failed

Import trace:
  Server Component:
    ./src/components/layouts/LandingNavbar.jsx
    ./src/app/page.tsx @ http://localhost:3000/_next/static/chunks/node_modules_next_dist_20ud_8w._.js:2099
[  365738ms] [ERROR] ./src/components/layouts/LandingNavbar.jsx:53:1
Unexpected token. Did you mean `{'}'}` or `&rbrace;`?
  51 |     </nav>
  52 |   );
> 53 | }
     | ^
  54 |

Parsing ecmascript source code failed

Import trace:
  Server Component:
    ./src/components/layouts/LandingNavbar.jsx
    ./src/app/page.tsx @ http://localhost:3000/_next/static/chunks/node_modules_next_dist_20ud_8w._.js:2099
[  365796ms] [ERROR] ./src/components/layouts/LandingNavbar.jsx:53:1
Unexpected token. Did you mean `{'}'}` or `&rbrace;`?
  51 |     </nav>
  52 |   );
> 53 | }
     | ^
  54 |

Parsing ecmascript source code failed

Import trace:
  Server Component:
    ./src/components/layouts/LandingNavbar.jsx
    ./src/app/page.tsx @ http://localhost:3000/_next/static/chunks/node_modules_next_dist_20ud_8w._.js:2099
[  365855ms] [ERROR] ./src/components/layouts/LandingNavbar.jsx:53:1
Unexpected token. Did you mean `{'}'}` or `&rbrace;`?
  51 |     </nav>
  52 |   );
> 53 | }
     | ^
  54 |

Parsing ecmascript source code failed

Import trace:
  Server Component:
    ./src/components/layouts/LandingNavbar.jsx
    ./src/app/page.tsx @ http://localhost:3000/_next/static/chunks/node_modules_next_dist_20ud_8w._.js:2099
[  365922ms] [ERROR] ./src/components/layouts/LandingNavbar.jsx:53:1
Unexpected token. Did you mean `{'}'}` or `&rbrace;`?
  51 |     </nav>
  52 |   );
> 53 | }
     | ^
  54 |

Parsing ecmascript source code failed

Import trace:
  Server Component:
    ./src/components/layouts/LandingNavbar.jsx
    ./src/app/page.tsx @ http://localhost:3000/_next/static/chunks/node_modules_next_dist_20ud_8w._.js:2099
[  365972ms] [ERROR] ./src/components/layouts/LandingNavbar.jsx:53:1
Unexpected token. Did you mean `{'}'}` or `&rbrace;`?
  51 |     </nav>
  52 |   );
> 53 | }
     | ^
  54 |

Parsing ecmascript source code failed

Import trace:
  Server Component:
    ./src/components/layouts/LandingNavbar.jsx
    ./src/app/page.tsx @ http://localhost:3000/_next/static/chunks/node_modules_next_dist_20ud_8w._.js:2099
[  366038ms] [ERROR] ./src/components/layouts/LandingNavbar.jsx:53:1
Unexpected token. Did you mean `{'}'}` or `&rbrace;`?
  51 |     </nav>
  52 |   );
> 53 | }
     | ^
  54 |

Parsing ecmascript source code failed

Import trace:
  Server Component:
    ./src/components/layouts/LandingNavbar.jsx
    ./src/app/page.tsx @ http://localhost:3000/_next/static/chunks/node_modules_next_dist_20ud_8w._.js:2099
[  366104ms] [ERROR] ./src/components/layouts/LandingNavbar.jsx:53:1
Unexpected token. Did you mean `{'}'}` or `&rbrace;`?
  51 |     </nav>
  52 |   );
> 53 | }
     | ^
  54 |

Parsing ecmascript source code failed

Import trace:
  Server Component:
    ./src/components/layouts/LandingNavbar.jsx
    ./src/app/page.tsx @ http://localhost:3000/_next/static/chunks/node_modules_next_dist_20ud_8w._.js:2099
[  366171ms] [ERROR] ./src/components/layouts/LandingNavbar.jsx:53:1
Unexpected token. Did you mean `{'}'}` or `&rbrace;`?
  51 |     </nav>
  52 |   );
> 53 | }
     | ^
  54 |

Parsing ecmascript source code failed

Import trace:
  Server Component:
    ./src/components/layouts/LandingNavbar.jsx
    ./src/app/page.tsx @ http://localhost:3000/_next/static/chunks/node_modules_next_dist_20ud_8w._.js:2099
[  366236ms] [ERROR] ./src/components/layouts/LandingNavbar.jsx:53:1
Unexpected token. Did you mean `{'}'}` or `&rbrace;`?
  51 |     </nav>
  52 |   );
> 53 | }
     | ^
  54 |

Parsing ecmascript source code failed

Import trace:
  Server Component:
    ./src/components/layouts/LandingNavbar.jsx
    ./src/app/page.tsx @ http://localhost:3000/_next/static/chunks/node_modules_next_dist_20ud_8w._.js:2099
[  366304ms] [ERROR] ./src/components/layouts/LandingNavbar.jsx:53:1
Unexpected token. Did you mean `{'}'}` or `&rbrace;`?
  51 |     </nav>
  52 |   );
> 53 | }
     | ^
  54 |

Parsing ecmascript source code failed

Import trace:
  Server Component:
    ./src/components/layouts/LandingNavbar.jsx
    ./src/app/page.tsx @ http://localhost:3000/_next/static/chunks/node_modules_next_dist_20ud_8w._.js:2099
[  366370ms] [ERROR] ./src/components/layouts/LandingNavbar.jsx:53:1
Unexpected token. Did you mean `{'}'}` or `&rbrace;`?
  51 |     </nav>
  52 |   );
> 53 | }
     | ^
  54 |

Parsing ecmascript source code failed

Import trace:
  Server Component:
    ./src/components/layouts/LandingNavbar.jsx
    ./src/app/page.tsx @ http://localhost:3000/_next/static/chunks/node_modules_next_dist_20ud_8w._.js:2099
[  366437ms] [ERROR] ./src/components/layouts/LandingNavbar.jsx:53:1
Unexpected token. Did you mean `{'}'}` or `&rbrace;`?
  51 |     </nav>
  52 |   );
> 53 | }
     | ^
  54 |

Parsing ecmascript source code failed

Import trace:
  Server Component:
    ./src/components/layouts/LandingNavbar.jsx
    ./src/app/page.tsx @ http://localhost:3000/_next/static/chunks/node_modules_next_dist_20ud_8w._.js:2099
[  366503ms] [ERROR] ./src/components/layouts/LandingNavbar.jsx:53:1
Unexpected token. Did you mean `{'}'}` or `&rbrace;`?
  51 |     </nav>
  52 |   );
> 53 | }
     | ^
  54 |

Parsing ecmascript source code failed

Import trace:
  Server Component:
    ./src/components/layouts/LandingNavbar.jsx
    ./src/app/page.tsx @ http://localhost:3000/_next/static/chunks/node_modules_next_dist_20ud_8w._.js:2099
[  366569ms] [ERROR] ./src/components/layouts/LandingNavbar.jsx:53:1
Unexpected token. Did you mean `{'}'}` or `&rbrace;`?
  51 |     </nav>
  52 |   );
> 53 | }
     | ^
  54 |

Parsing ecmascript source code failed

Import trace:
  Server Component:
    ./src/components/layouts/LandingNavbar.jsx
    ./src/app/page.tsx @ http://localhost:3000/_next/static/chunks/node_modules_next_dist_20ud_8w._.js:2099
[  366640ms] [ERROR] ./src/components/layouts/LandingNavbar.jsx:53:1
Unexpected token. Did you mean `{'}'}` or `&rbrace;`?
  51 |     </nav>
  52 |   );
> 53 | }
     | ^
  54 |

Parsing ecmascript source code failed

Import trace:
  Server Component:
    ./src/components/layouts/LandingNavbar.jsx
    ./src/app/page.tsx @ http://localhost:3000/_next/static/chunks/node_modules_next_dist_20ud_8w._.js:2099
[  366689ms] [ERROR] ./src/components/layouts/LandingNavbar.jsx:53:1
Unexpected token. Did you mean `{'}'}` or `&rbrace;`?
  51 |     </nav>
  52 |   );
> 53 | }
     | ^
  54 |

Parsing ecmascript source code failed

Import trace:
  Server Component:
    ./src/components/layouts/LandingNavbar.jsx
    ./src/app/page.tsx @ http://localhost:3000/_next/static/chunks/node_modules_next_dist_20ud_8w._.js:2099
[  366753ms] [ERROR] ./src/components/layouts/LandingNavbar.jsx:53:1
Unexpected token. Did you mean `{'}'}` or `&rbrace;`?
  51 |     </nav>
  52 |   );
> 53 | }
     | ^
  54 |

Parsing ecmascript source code failed

Import trace:
  Server Component:
    ./src/components/layouts/LandingNavbar.jsx
    ./src/app/page.tsx @ http://localhost:3000/_next/static/chunks/node_modules_next_dist_20ud_8w._.js:2099
[  366820ms] [ERROR] ./src/components/layouts/LandingNavbar.jsx:53:1
Unexpected token. Did you mean `{'}'}` or `&rbrace;`?
  51 |     </nav>
  52 |   );
> 53 | }
     | ^
  54 |

Parsing ecmascript source code failed

Import trace:
  Server Component:
    ./src/components/layouts/LandingNavbar.jsx
    ./src/app/page.tsx @ http://localhost:3000/_next/static/chunks/node_modules_next_dist_20ud_8w._.js:2099
[  366886ms] [ERROR] ./src/components/layouts/LandingNavbar.jsx:53:1
Unexpected token. Did you mean `{'}'}` or `&rbrace;`?
  51 |     </nav>
  52 |   );
> 53 | }
     | ^
  54 |

Parsing ecmascript source code failed

Import trace:
  Server Component:
    ./src/components/layouts/LandingNavbar.jsx
    ./src/app/page.tsx @ http://localhost:3000/_next/static/chunks/node_modules_next_dist_20ud_8w._.js:2099
[  366953ms] [ERROR] ./src/components/layouts/LandingNavbar.jsx:53:1
Unexpected token. Did you mean `{'}'}` or `&rbrace;`?
  51 |     </nav>
  52 |   );
> 53 | }
     | ^
  54 |

Parsing ecmascript source code failed

Import trace:
  Server Component:
    ./src/components/layouts/LandingNavbar.jsx
    ./src/app/page.tsx @ http://localhost:3000/_next/static/chunks/node_modules_next_dist_20ud_8w._.js:2099
[  367020ms] [ERROR] ./src/components/layouts/LandingNavbar.jsx:53:1
Unexpected token. Did you mean `{'}'}` or `&rbrace;`?
  51 |     </nav>
  52 |   );
> 53 | }
     | ^
  54 |

Parsing ecmascript source code failed

Import trace:
  Server Component:
    ./src/components/layouts/LandingNavbar.jsx
    ./src/app/page.tsx @ http://localhost:3000/_next/static/chunks/node_modules_next_dist_20ud_8w._.js:2099
[  367087ms] [ERROR] ./src/components/layouts/LandingNavbar.jsx:53:1
Unexpected token. Did you mean `{'}'}` or `&rbrace;`?
  51 |     </nav>
  52 |   );
> 53 | }
     | ^
  54 |

Parsing ecmascript source code failed

Import trace:
  Server Component:
    ./src/components/layouts/LandingNavbar.jsx
    ./src/app/page.tsx @ http://localhost:3000/_next/static/chunks/node_modules_next_dist_20ud_8w._.js:2099
[  367153ms] [ERROR] ./src/components/layouts/LandingNavbar.jsx:53:1
Unexpected token. Did you mean `{'}'}` or `&rbrace;`?
  51 |     </nav>
  52 |   );
> 53 | }
     | ^
  54 |

Parsing ecmascript source code failed

Import trace:
  Server Component:
    ./src/components/layouts/LandingNavbar.jsx
    ./src/app/page.tsx @ http://localhost:3000/_next/static/chunks/node_modules_next_dist_20ud_8w._.js:2099
[  367220ms] [ERROR] ./src/components/layouts/LandingNavbar.jsx:53:1
Unexpected token. Did you mean `{'}'}` or `&rbrace;`?
  51 |     </nav>
  52 |   );
> 53 | }
     | ^
  54 |

Parsing ecmascript source code failed

Import trace:
  Server Component:
    ./src/components/layouts/LandingNavbar.jsx
    ./src/app/page.tsx @ http://localhost:3000/_next/static/chunks/node_modules_next_dist_20ud_8w._.js:2099
[  367286ms] [ERROR] ./src/components/layouts/LandingNavbar.jsx:53:1
Unexpected token. Did you mean `{'}'}` or `&rbrace;`?
  51 |     </nav>
  52 |   );
> 53 | }
     | ^
  54 |

Parsing ecmascript source code failed

Import trace:
  Server Component:
    ./src/components/layouts/LandingNavbar.jsx
    ./src/app/page.tsx @ http://localhost:3000/_next/static/chunks/node_modules_next_dist_20ud_8w._.js:2099
[  367355ms] [ERROR] ./src/components/layouts/LandingNavbar.jsx:53:1
Unexpected token. Did you mean `{'}'}` or `&rbrace;`?
  51 |     </nav>
  52 |   );
> 53 | }
     | ^
  54 |

Parsing ecmascript source code failed

Import trace:
  Server Component:
    ./src/components/layouts/LandingNavbar.jsx
    ./src/app/page.tsx @ http://localhost:3000/_next/static/chunks/node_modules_next_dist_20ud_8w._.js:2099
[  367405ms] [ERROR] ./src/components/layouts/LandingNavbar.jsx:53:1
Unexpected token. Did you mean `{'}'}` or `&rbrace;`?
  51 |     </nav>
  52 |   );
> 53 | }
     | ^
  54 |

Parsing ecmascript source code failed

Import trace:
  Server Component:
    ./src/components/layouts/LandingNavbar.jsx
    ./src/app/page.tsx @ http://localhost:3000/_next/static/chunks/node_modules_next_dist_20ud_8w._.js:2099
[  367470ms] [ERROR] ./src/components/layouts/LandingNavbar.jsx:53:1
Unexpected token. Did you mean `{'}'}` or `&rbrace;`?
  51 |     </nav>
  52 |   );
> 53 | }
     | ^
  54 |

Parsing ecmascript source code failed

Import trace:
  Server Component:
    ./src/components/layouts/LandingNavbar.jsx
    ./src/app/page.tsx @ http://localhost:3000/_next/static/chunks/node_modules_next_dist_20ud_8w._.js:2099
[  367537ms] [ERROR] ./src/components/layouts/LandingNavbar.jsx:53:1
Unexpected token. Did you mean `{'}'}` or `&rbrace;`?
  51 |     </nav>
  52 |   );
> 53 | }
     | ^
  54 |

Parsing ecmascript source code failed

Import trace:
  Server Component:
    ./src/components/layouts/LandingNavbar.jsx
    ./src/app/page.tsx @ http://localhost:3000/_next/static/chunks/node_modules_next_dist_20ud_8w._.js:2099
[  367603ms] [ERROR] ./src/components/layouts/LandingNavbar.jsx:53:1
Unexpected token. Did you mean `{'}'}` or `&rbrace;`?
  51 |     </nav>
  52 |   );
> 53 | }
     | ^
  54 |

Parsing ecmascript source code failed

Import trace:
  Server Component:
    ./src/components/layouts/LandingNavbar.jsx
    ./src/app/page.tsx @ http://localhost:3000/_next/static/chunks/node_modules_next_dist_20ud_8w._.js:2099
[  367670ms] [ERROR] ./src/components/layouts/LandingNavbar.jsx:53:1
Unexpected token. Did you mean `{'}'}` or `&rbrace;`?
  51 |     </nav>
  52 |   );
> 53 | }
     | ^
  54 |

Parsing ecmascript source code failed

Import trace:
  Server Component:
    ./src/components/layouts/LandingNavbar.jsx
    ./src/app/page.tsx @ http://localhost:3000/_next/static/chunks/node_modules_next_dist_20ud_8w._.js:2099
[  367737ms] [ERROR] ./src/components/layouts/LandingNavbar.jsx:53:1
Unexpected token. Did you mean `{'}'}` or `&rbrace;`?
  51 |     </nav>
  52 |   );
> 53 | }
     | ^
  54 |

Parsing ecmascript source code failed

Import trace:
  Server Component:
    ./src/components/layouts/LandingNavbar.jsx
    ./src/app/page.tsx @ http://localhost:3000/_next/static/chunks/node_modules_next_dist_20ud_8w._.js:2099
[  367803ms] [ERROR] ./src/components/layouts/LandingNavbar.jsx:53:1
Unexpected token. Did you mean `{'}'}` or `&rbrace;`?
  51 |     </nav>
  52 |   );
> 53 | }
     | ^
  54 |

Parsing ecmascript source code failed

Import trace:
  Server Component:
    ./src/components/layouts/LandingNavbar.jsx
    ./src/app/page.tsx @ http://localhost:3000/_next/static/chunks/node_modules_next_dist_20ud_8w._.js:2099
[  367870ms] [ERROR] ./src/components/layouts/LandingNavbar.jsx:53:1
Unexpected token. Did you mean `{'}'}` or `&rbrace;`?
  51 |     </nav>
  52 |   );
> 53 | }
     | ^
  54 |

Parsing ecmascript source code failed

Import trace:
  Server Component:
    ./src/components/layouts/LandingNavbar.jsx
    ./src/app/page.tsx @ http://localhost:3000/_next/static/chunks/node_modules_next_dist_20ud_8w._.js:2099
[  367937ms] [ERROR] ./src/components/layouts/LandingNavbar.jsx:53:1
Unexpected token. Did you mean `{'}'}` or `&rbrace;`?
  51 |     </nav>
  52 |   );
> 53 | }
     | ^
  54 |

Parsing ecmascript source code failed

Import trace:
  Server Component:
    ./src/components/layouts/LandingNavbar.jsx
    ./src/app/page.tsx @ http://localhost:3000/_next/static/chunks/node_modules_next_dist_20ud_8w._.js:2099
[  368005ms] [ERROR] ./src/components/layouts/LandingNavbar.jsx:53:1
Unexpected token. Did you mean `{'}'}` or `&rbrace;`?
  51 |     </nav>
  52 |   );
> 53 | }
     | ^
  54 |

Parsing ecmascript source code failed

Import trace:
  Server Component:
    ./src/components/layouts/LandingNavbar.jsx
    ./src/app/page.tsx @ http://localhost:3000/_next/static/chunks/node_modules_next_dist_20ud_8w._.js:2099
[  368066ms] [ERROR] ./src/components/layouts/LandingNavbar.jsx:53:1
Unexpected token. Did you mean `{'}'}` or `&rbrace;`?
  51 |     </nav>
  52 |   );
> 53 | }
     | ^
  54 |

Parsing ecmascript source code failed

Import trace:
  Server Component:
    ./src/components/layouts/LandingNavbar.jsx
    ./src/app/page.tsx @ http://localhost:3000/_next/static/chunks/node_modules_next_dist_20ud_8w._.js:2099
[  368122ms] [ERROR] ./src/components/layouts/LandingNavbar.jsx:53:1
Unexpected token. Did you mean `{'}'}` or `&rbrace;`?
  51 |     </nav>
  52 |   );
> 53 | }
     | ^
  54 |

Parsing ecmascript source code failed

Import trace:
  Server Component:
    ./src/components/layouts/LandingNavbar.jsx
    ./src/app/page.tsx @ http://localhost:3000/_next/static/chunks/node_modules_next_dist_20ud_8w._.js:2099
[  368189ms] [ERROR] ./src/components/layouts/LandingNavbar.jsx:53:1
Unexpected token. Did you mean `{'}'}` or `&rbrace;`?
  51 |     </nav>
  52 |   );
> 53 | }
     | ^
  54 |

Parsing ecmascript source code failed

Import trace:
  Server Component:
    ./src/components/layouts/LandingNavbar.jsx
    ./src/app/page.tsx @ http://localhost:3000/_next/static/chunks/node_modules_next_dist_20ud_8w._.js:2099
[  368255ms] [ERROR] ./src/components/layouts/LandingNavbar.jsx:53:1
Unexpected token. Did you mean `{'}'}` or `&rbrace;`?
  51 |     </nav>
  52 |   );
> 53 | }
     | ^
  54 |

Parsing ecmascript source code failed

Import trace:
  Server Component:
    ./src/components/layouts/LandingNavbar.jsx
    ./src/app/page.tsx @ http://localhost:3000/_next/static/chunks/node_modules_next_dist_20ud_8w._.js:2099
[  368320ms] [ERROR] ./src/components/layouts/LandingNavbar.jsx:53:1
Unexpected token. Did you mean `{'}'}` or `&rbrace;`?
  51 |     </nav>
  52 |   );
> 53 | }
     | ^
  54 |

Parsing ecmascript source code failed

Import trace:
  Server Component:
    ./src/components/layouts/LandingNavbar.jsx
    ./src/app/page.tsx @ http://localhost:3000/_next/static/chunks/node_modules_next_dist_20ud_8w._.js:2099
[  368387ms] [ERROR] ./src/components/layouts/LandingNavbar.jsx:53:1
Unexpected token. Did you mean `{'}'}` or `&rbrace;`?
  51 |     </nav>
  52 |   );
> 53 | }
     | ^
  54 |

Parsing ecmascript source code failed

Import trace:
  Server Component:
    ./src/components/layouts/LandingNavbar.jsx
    ./src/app/page.tsx @ http://localhost:3000/_next/static/chunks/node_modules_next_dist_20ud_8w._.js:2099
[  368455ms] [ERROR] ./src/components/layouts/LandingNavbar.jsx:53:1
Unexpected token. Did you mean `{'}'}` or `&rbrace;`?
  51 |     </nav>
  52 |   );
> 53 | }
     | ^
  54 |

Parsing ecmascript source code failed

Import trace:
  Server Component:
    ./src/components/layouts/LandingNavbar.jsx
    ./src/app/page.tsx @ http://localhost:3000/_next/static/chunks/node_modules_next_dist_20ud_8w._.js:2099
[  368519ms] [ERROR] ./src/components/layouts/LandingNavbar.jsx:53:1
Unexpected token. Did you mean `{'}'}` or `&rbrace;`?
  51 |     </nav>
  52 |   );
> 53 | }
     | ^
  54 |

Parsing ecmascript source code failed

Import trace:
  Server Component:
    ./src/components/layouts/LandingNavbar.jsx
    ./src/app/page.tsx @ http://localhost:3000/_next/static/chunks/node_modules_next_dist_20ud_8w._.js:2099
[  368588ms] [ERROR] ./src/components/layouts/LandingNavbar.jsx:53:1
Unexpected token. Did you mean `{'}'}` or `&rbrace;`?
  51 |     </nav>
  52 |   );
> 53 | }
     | ^
  54 |

Parsing ecmascript source code failed

Import trace:
  Server Component:
    ./src/components/layouts/LandingNavbar.jsx
    ./src/app/page.tsx @ http://localhost:3000/_next/static/chunks/node_modules_next_dist_20ud_8w._.js:2099
[  368654ms] [ERROR] ./src/components/layouts/LandingNavbar.jsx:53:1
Unexpected token. Did you mean `{'}'}` or `&rbrace;`?
  51 |     </nav>
  52 |   );
> 53 | }
     | ^
  54 |

Parsing ecmascript source code failed

Import trace:
  Server Component:
    ./src/components/layouts/LandingNavbar.jsx
    ./src/app/page.tsx @ http://localhost:3000/_next/static/chunks/node_modules_next_dist_20ud_8w._.js:2099
[  368721ms] [ERROR] ./src/components/layouts/LandingNavbar.jsx:53:1
Unexpected token. Did you mean `{'}'}` or `&rbrace;`?
  51 |     </nav>
  52 |   );
> 53 | }
     | ^
  54 |

Parsing ecmascript source code failed

Import trace:
  Server Component:
    ./src/components/layouts/LandingNavbar.jsx
    ./src/app/page.tsx @ http://localhost:3000/_next/static/chunks/node_modules_next_dist_20ud_8w._.js:2099
[  368771ms] [ERROR] ./src/components/layouts/LandingNavbar.jsx:53:1
Unexpected token. Did you mean `{'}'}` or `&rbrace;`?
  51 |     </nav>
  52 |   );
> 53 | }
     | ^
  54 |

Parsing ecmascript source code failed

Import trace:
  Server Component:
    ./src/components/layouts/LandingNavbar.jsx
    ./src/app/page.tsx @ http://localhost:3000/_next/static/chunks/node_modules_next_dist_20ud_8w._.js:2099
[  368826ms] [ERROR] ./src/components/layouts/LandingNavbar.jsx:53:1
Unexpected token. Did you mean `{'}'}` or `&rbrace;`?
  51 |     </nav>
  52 |   );
> 53 | }
     | ^
  54 |

Parsing ecmascript source code failed

Import trace:
  Server Component:
    ./src/components/layouts/LandingNavbar.jsx
    ./src/app/page.tsx @ http://localhost:3000/_next/static/chunks/node_modules_next_dist_20ud_8w._.js:2099
[  368891ms] [ERROR] ./src/components/layouts/LandingNavbar.jsx:53:1
Unexpected token. Did you mean `{'}'}` or `&rbrace;`?
  51 |     </nav>
  52 |   );
> 53 | }
     | ^
  54 |

Parsing ecmascript source code failed

Import trace:
  Server Component:
    ./src/components/layouts/LandingNavbar.jsx
    ./src/app/page.tsx @ http://localhost:3000/_next/static/chunks/node_modules_next_dist_20ud_8w._.js:2099
[  368957ms] [ERROR] ./src/components/layouts/LandingNavbar.jsx:53:1
Unexpected token. Did you mean `{'}'}` or `&rbrace;`?
  51 |     </nav>
  52 |   );
> 53 | }
     | ^
  54 |

Parsing ecmascript source code failed

Import trace:
  Server Component:
    ./src/components/layouts/LandingNavbar.jsx
    ./src/app/page.tsx @ http://localhost:3000/_next/static/chunks/node_modules_next_dist_20ud_8w._.js:2099
[  369020ms] [ERROR] ./src/components/layouts/LandingNavbar.jsx:53:1
Unexpected token. Did you mean `{'}'}` or `&rbrace;`?
  51 |     </nav>
  52 |   );
> 53 | }
     | ^
  54 |

Parsing ecmascript source code failed

Import trace:
  Server Component:
    ./src/components/layouts/LandingNavbar.jsx
    ./src/app/page.tsx @ http://localhost:3000/_next/static/chunks/node_modules_next_dist_20ud_8w._.js:2099
[  369085ms] [ERROR] ./src/components/layouts/LandingNavbar.jsx:53:1
Unexpected token. Did you mean `{'}'}` or `&rbrace;`?
  51 |     </nav>
  52 |   );
> 53 | }
     | ^
  54 |

Parsing ecmascript source code failed

Import trace:
  Server Component:
    ./src/components/layouts/LandingNavbar.jsx
    ./src/app/page.tsx @ http://localhost:3000/_next/static/chunks/node_modules_next_dist_20ud_8w._.js:2099
[  369154ms] [ERROR] ./src/components/layouts/LandingNavbar.jsx:53:1
Unexpected token. Did you mean `{'}'}` or `&rbrace;`?
  51 |     </nav>
  52 |   );
> 53 | }
     | ^
  54 |

Parsing ecmascript source code failed

Import trace:
  Server Component:
    ./src/components/layouts/LandingNavbar.jsx
    ./src/app/page.tsx @ http://localhost:3000/_next/static/chunks/node_modules_next_dist_20ud_8w._.js:2099
[  369209ms] [ERROR] ./src/components/layouts/LandingNavbar.jsx:53:1
Unexpected token. Did you mean `{'}'}` or `&rbrace;`?
  51 |     </nav>
  52 |   );
> 53 | }
     | ^
  54 |

Parsing ecmascript source code failed

Import trace:
  Server Component:
    ./src/components/layouts/LandingNavbar.jsx
    ./src/app/page.tsx @ http://localhost:3000/_next/static/chunks/node_modules_next_dist_20ud_8w._.js:2099
[  369271ms] [ERROR] ./src/components/layouts/LandingNavbar.jsx:53:1
Unexpected token. Did you mean `{'}'}` or `&rbrace;`?
  51 |     </nav>
  52 |   );
> 53 | }
     | ^
  54 |

Parsing ecmascript source code failed

Import trace:
  Server Component:
    ./src/components/layouts/LandingNavbar.jsx
    ./src/app/page.tsx @ http://localhost:3000/_next/static/chunks/node_modules_next_dist_20ud_8w._.js:2099
[  369337ms] [ERROR] ./src/components/layouts/LandingNavbar.jsx:53:1
Unexpected token. Did you mean `{'}'}` or `&rbrace;`?
  51 |     </nav>
  52 |   );
> 53 | }
     | ^
  54 |

Parsing ecmascript source code failed

Import trace:
  Server Component:
    ./src/components/layouts/LandingNavbar.jsx
    ./src/app/page.tsx @ http://localhost:3000/_next/static/chunks/node_modules_next_dist_20ud_8w._.js:2099
[  369405ms] [ERROR] ./src/components/layouts/LandingNavbar.jsx:53:1
Unexpected token. Did you mean `{'}'}` or `&rbrace;`?
  51 |     </nav>
  52 |   );
> 53 | }
     | ^
  54 |

Parsing ecmascript source code failed

Import trace:
  Server Component:
    ./src/components/layouts/LandingNavbar.jsx
    ./src/app/page.tsx @ http://localhost:3000/_next/static/chunks/node_modules_next_dist_20ud_8w._.js:2099
[  369455ms] [ERROR] ./src/components/layouts/LandingNavbar.jsx:53:1
Unexpected token. Did you mean `{'}'}` or `&rbrace;`?
  51 |     </nav>
  52 |   );
> 53 | }
     | ^
  54 |

Parsing ecmascript source code failed

Import trace:
  Server Component:
    ./src/components/layouts/LandingNavbar.jsx
    ./src/app/page.tsx @ http://localhost:3000/_next/static/chunks/node_modules_next_dist_20ud_8w._.js:2099
[  369516ms] [ERROR] ./src/components/layouts/LandingNavbar.jsx:53:1
Unexpected token. Did you mean `{'}'}` or `&rbrace;`?
  51 |     </nav>
  52 |   );
> 53 | }
     | ^
  54 |

Parsing ecmascript source code failed

Import trace:
  Server Component:
    ./src/components/layouts/LandingNavbar.jsx
    ./src/app/page.tsx @ http://localhost:3000/_next/static/chunks/node_modules_next_dist_20ud_8w._.js:2099
[  369573ms] [ERROR] ./src/components/layouts/LandingNavbar.jsx:53:1
Unexpected token. Did you mean `{'}'}` or `&rbrace;`?
  51 |     </nav>
  52 |   );
> 53 | }
     | ^
  54 |

Parsing ecmascript source code failed

Import trace:
  Server Component:
    ./src/components/layouts/LandingNavbar.jsx
    ./src/app/page.tsx @ http://localhost:3000/_next/static/chunks/node_modules_next_dist_20ud_8w._.js:2099
[  369635ms] [ERROR] ./src/components/layouts/LandingNavbar.jsx:53:1
Unexpected token. Did you mean `{'}'}` or `&rbrace;`?
  51 |     </nav>
  52 |   );
> 53 | }
     | ^
  54 |

Parsing ecmascript source code failed

Import trace:
  Server Component:
    ./src/components/layouts/LandingNavbar.jsx
    ./src/app/page.tsx @ http://localhost:3000/_next/static/chunks/node_modules_next_dist_20ud_8w._.js:2099
[  369699ms] [ERROR] ./src/components/layouts/LandingNavbar.jsx:53:1
Unexpected token. Did you mean `{'}'}` or `&rbrace;`?
  51 |     </nav>
  52 |   );
> 53 | }
     | ^
  54 |

Parsing ecmascript source code failed

Import trace:
  Server Component:
    ./src/components/layouts/LandingNavbar.jsx
    ./src/app/page.tsx @ http://localhost:3000/_next/static/chunks/node_modules_next_dist_20ud_8w._.js:2099
[  369761ms] [ERROR] ./src/components/layouts/LandingNavbar.jsx:53:1
Unexpected token. Did you mean `{'}'}` or `&rbrace;`?
  51 |     </nav>
  52 |   );
> 53 | }
     | ^
  54 |

Parsing ecmascript source code failed

Import trace:
  Server Component:
    ./src/components/layouts/LandingNavbar.jsx
    ./src/app/page.tsx @ http://localhost:3000/_next/static/chunks/node_modules_next_dist_20ud_8w._.js:2099
[  369820ms] [ERROR] ./src/components/layouts/LandingNavbar.jsx:53:1
Unexpected token. Did you mean `{'}'}` or `&rbrace;`?
  51 |     </nav>
  52 |   );
> 53 | }
     | ^
  54 |

Parsing ecmascript source code failed

Import trace:
  Server Component:
    ./src/components/layouts/LandingNavbar.jsx
    ./src/app/page.tsx @ http://localhost:3000/_next/static/chunks/node_modules_next_dist_20ud_8w._.js:2099
[  369881ms] [ERROR] ./src/components/layouts/LandingNavbar.jsx:53:1
Unexpected token. Did you mean `{'}'}` or `&rbrace;`?
  51 |     </nav>
  52 |   );
> 53 | }
     | ^
  54 |

Parsing ecmascript source code failed

Import trace:
  Server Component:
    ./src/components/layouts/LandingNavbar.jsx
    ./src/app/page.tsx @ http://localhost:3000/_next/static/chunks/node_modules_next_dist_20ud_8w._.js:2099
[  369940ms] [ERROR] ./src/components/layouts/LandingNavbar.jsx:53:1
Unexpected token. Did you mean `{'}'}` or `&rbrace;`?
  51 |     </nav>
  52 |   );
> 53 | }
     | ^
  54 |

Parsing ecmascript source code failed

Import trace:
  Server Component:
    ./src/components/layouts/LandingNavbar.jsx
    ./src/app/page.tsx @ http://localhost:3000/_next/static/chunks/node_modules_next_dist_20ud_8w._.js:2099
[  370006ms] [ERROR] ./src/components/layouts/LandingNavbar.jsx:53:1
Unexpected token. Did you mean `{'}'}` or `&rbrace;`?
  51 |     </nav>
  52 |   );
> 53 | }
     | ^
  54 |

Parsing ecmascript source code failed

Import trace:
  Server Component:
    ./src/components/layouts/LandingNavbar.jsx
    ./src/app/page.tsx @ http://localhost:3000/_next/static/chunks/node_modules_next_dist_20ud_8w._.js:2099
[  370056ms] [ERROR] ./src/components/layouts/LandingNavbar.jsx:53:1
Unexpected token. Did you mean `{'}'}` or `&rbrace;`?
  51 |     </nav>
  52 |   );
> 53 | }
     | ^
  54 |

Parsing ecmascript source code failed

Import trace:
  Server Component:
    ./src/components/layouts/LandingNavbar.jsx
    ./src/app/page.tsx @ http://localhost:3000/_next/static/chunks/node_modules_next_dist_20ud_8w._.js:2099
[  370121ms] [ERROR] ./src/components/layouts/LandingNavbar.jsx:53:1
Unexpected token. Did you mean `{'}'}` or `&rbrace;`?
  51 |     </nav>
  52 |   );
> 53 | }
     | ^
  54 |

Parsing ecmascript source code failed

Import trace:
  Server Component:
    ./src/components/layouts/LandingNavbar.jsx
    ./src/app/page.tsx @ http://localhost:3000/_next/static/chunks/node_modules_next_dist_20ud_8w._.js:2099
[  370171ms] [ERROR] ./src/components/layouts/LandingNavbar.jsx:53:1
Unexpected token. Did you mean `{'}'}` or `&rbrace;`?
  51 |     </nav>
  52 |   );
> 53 | }
     | ^
  54 |

Parsing ecmascript source code failed

Import trace:
  Server Component:
    ./src/components/layouts/LandingNavbar.jsx
    ./src/app/page.tsx @ http://localhost:3000/_next/static/chunks/node_modules_next_dist_20ud_8w._.js:2099
[  370238ms] [ERROR] ./src/components/layouts/LandingNavbar.jsx:53:1
Unexpected token. Did you mean `{'}'}` or `&rbrace;`?
  51 |     </nav>
  52 |   );
> 53 | }
     | ^
  54 |

Parsing ecmascript source code failed

Import trace:
  Server Component:
    ./src/components/layouts/LandingNavbar.jsx
    ./src/app/page.tsx @ http://localhost:3000/_next/static/chunks/node_modules_next_dist_20ud_8w._.js:2099
[  370289ms] [ERROR] ./src/components/layouts/LandingNavbar.jsx:53:1
Unexpected token. Did you mean `{'}'}` or `&rbrace;`?
  51 |     </nav>
  52 |   );
> 53 | }
     | ^
  54 |

Parsing ecmascript source code failed

Import trace:
  Server Component:
    ./src/components/layouts/LandingNavbar.jsx
    ./src/app/page.tsx @ http://localhost:3000/_next/static/chunks/node_modules_next_dist_20ud_8w._.js:2099
[  370354ms] [ERROR] ./src/components/layouts/LandingNavbar.jsx:53:1
Unexpected token. Did you mean `{'}'}` or `&rbrace;`?
  51 |     </nav>
  52 |   );
> 53 | }
     | ^
  54 |

Parsing ecmascript source code failed

Import trace:
  Server Component:
    ./src/components/layouts/LandingNavbar.jsx
    ./src/app/page.tsx @ http://localhost:3000/_next/static/chunks/node_modules_next_dist_20ud_8w._.js:2099
[  370405ms] [ERROR] ./src/components/layouts/LandingNavbar.jsx:53:1
Unexpected token. Did you mean `{'}'}` or `&rbrace;`?
  51 |     </nav>
  52 |   );
> 53 | }
     | ^
  54 |

Parsing ecmascript source code failed

Import trace:
  Server Component:
    ./src/components/layouts/LandingNavbar.jsx
    ./src/app/page.tsx @ http://localhost:3000/_next/static/chunks/node_modules_next_dist_20ud_8w._.js:2099
[  370470ms] [ERROR] ./src/components/layouts/LandingNavbar.jsx:53:1
Unexpected token. Did you mean `{'}'}` or `&rbrace;`?
  51 |     </nav>
  52 |   );
> 53 | }
     | ^
  54 |

Parsing ecmascript source code failed

Import trace:
  Server Component:
    ./src/components/layouts/LandingNavbar.jsx
    ./src/app/page.tsx @ http://localhost:3000/_next/static/chunks/node_modules_next_dist_20ud_8w._.js:2099
[  370536ms] [ERROR] ./src/components/layouts/LandingNavbar.jsx:53:1
Unexpected token. Did you mean `{'}'}` or `&rbrace;`?
  51 |     </nav>
  52 |   );
> 53 | }
     | ^
  54 |

Parsing ecmascript source code failed

Import trace:
  Server Component:
    ./src/components/layouts/LandingNavbar.jsx
    ./src/app/page.tsx @ http://localhost:3000/_next/static/chunks/node_modules_next_dist_20ud_8w._.js:2099
[  370604ms] [ERROR] ./src/components/layouts/LandingNavbar.jsx:53:1
Unexpected token. Did you mean `{'}'}` or `&rbrace;`?
  51 |     </nav>
  52 |   );
> 53 | }
     | ^
  54 |

Parsing ecmascript source code failed

Import trace:
  Server Component:
    ./src/components/layouts/LandingNavbar.jsx
    ./src/app/page.tsx @ http://localhost:3000/_next/static/chunks/node_modules_next_dist_20ud_8w._.js:2099
[  370655ms] [ERROR] ./src/components/layouts/LandingNavbar.jsx:53:1
Unexpected token. Did you mean `{'}'}` or `&rbrace;`?
  51 |     </nav>
  52 |   );
> 53 | }
     | ^
  54 |

Parsing ecmascript source code failed

Import trace:
  Server Component:
    ./src/components/layouts/LandingNavbar.jsx
    ./src/app/page.tsx @ http://localhost:3000/_next/static/chunks/node_modules_next_dist_20ud_8w._.js:2099
[  370720ms] [ERROR] ./src/components/layouts/LandingNavbar.jsx:53:1
Unexpected token. Did you mean `{'}'}` or `&rbrace;`?
  51 |     </nav>
  52 |   );
> 53 | }
     | ^
  54 |

Parsing ecmascript source code failed

Import trace:
  Server Component:
    ./src/components/layouts/LandingNavbar.jsx
    ./src/app/page.tsx @ http://localhost:3000/_next/static/chunks/node_modules_next_dist_20ud_8w._.js:2099
[  370787ms] [ERROR] ./src/components/layouts/LandingNavbar.jsx:53:1
Unexpected token. Did you mean `{'}'}` or `&rbrace;`?
  51 |     </nav>
  52 |   );
> 53 | }
     | ^
  54 |

Parsing ecmascript source code failed

Import trace:
  Server Component:
    ./src/components/layouts/LandingNavbar.jsx
    ./src/app/page.tsx @ http://localhost:3000/_next/static/chunks/node_modules_next_dist_20ud_8w._.js:2099
[  370843ms] [ERROR] ./src/components/layouts/LandingNavbar.jsx:53:1
Unexpected token. Did you mean `{'}'}` or `&rbrace;`?
  51 |     </nav>
  52 |   );
> 53 | }
     | ^
  54 |

Parsing ecmascript source code failed

Import trace:
  Server Component:
    ./src/components/layouts/LandingNavbar.jsx
    ./src/app/page.tsx @ http://localhost:3000/_next/static/chunks/node_modules_next_dist_20ud_8w._.js:2099
[  370905ms] [ERROR] ./src/components/layouts/LandingNavbar.jsx:53:1
Unexpected token. Did you mean `{'}'}` or `&rbrace;`?
  51 |     </nav>
  52 |   );
> 53 | }
     | ^
  54 |

Parsing ecmascript source code failed

Import trace:
  Server Component:
    ./src/components/layouts/LandingNavbar.jsx
    ./src/app/page.tsx @ http://localhost:3000/_next/static/chunks/node_modules_next_dist_20ud_8w._.js:2099
[  370959ms] [ERROR] ./src/components/layouts/LandingNavbar.jsx:53:1
Unexpected token. Did you mean `{'}'}` or `&rbrace;`?
  51 |     </nav>
  52 |   );
> 53 | }
     | ^
  54 |

Parsing ecmascript source code failed

Import trace:
  Server Component:
    ./src/components/layouts/LandingNavbar.jsx
    ./src/app/page.tsx @ http://localhost:3000/_next/static/chunks/node_modules_next_dist_20ud_8w._.js:2099
[  371021ms] [ERROR] ./src/components/layouts/LandingNavbar.jsx:53:1
Unexpected token. Did you mean `{'}'}` or `&rbrace;`?
  51 |     </nav>
  52 |   );
> 53 | }
     | ^
  54 |

Parsing ecmascript source code failed

Import trace:
  Server Component:
    ./src/components/layouts/LandingNavbar.jsx
    ./src/app/page.tsx @ http://localhost:3000/_next/static/chunks/node_modules_next_dist_20ud_8w._.js:2099
[  371088ms] [ERROR] ./src/components/layouts/LandingNavbar.jsx:53:1
Unexpected token. Did you mean `{'}'}` or `&rbrace;`?
  51 |     </nav>
  52 |   );
> 53 | }
     | ^
  54 |

Parsing ecmascript source code failed

Import trace:
  Server Component:
    ./src/components/layouts/LandingNavbar.jsx
    ./src/app/page.tsx @ http://localhost:3000/_next/static/chunks/node_modules_next_dist_20ud_8w._.js:2099
[  371139ms] [ERROR] ./src/components/layouts/LandingNavbar.jsx:53:1
Unexpected token. Did you mean `{'}'}` or `&rbrace;`?
  51 |     </nav>
  52 |   );
> 53 | }
     | ^
  54 |

Parsing ecmascript source code failed

Import trace:
  Server Component:
    ./src/components/layouts/LandingNavbar.jsx
    ./src/app/page.tsx @ http://localhost:3000/_next/static/chunks/node_modules_next_dist_20ud_8w._.js:2099
[  371204ms] [ERROR] ./src/components/layouts/LandingNavbar.jsx:53:1
Unexpected token. Did you mean `{'}'}` or `&rbrace;`?
  51 |     </nav>
  52 |   );
> 53 | }
     | ^
  54 |

Parsing ecmascript source code failed

Import trace:
  Server Component:
    ./src/components/layouts/LandingNavbar.jsx
    ./src/app/page.tsx @ http://localhost:3000/_next/static/chunks/node_modules_next_dist_20ud_8w._.js:2099
[  371270ms] [ERROR] ./src/components/layouts/LandingNavbar.jsx:53:1
Unexpected token. Did you mean `{'}'}` or `&rbrace;`?
  51 |     </nav>
  52 |   );
> 53 | }
     | ^
  54 |

Parsing ecmascript source code failed

Import trace:
  Server Component:
    ./src/components/layouts/LandingNavbar.jsx
    ./src/app/page.tsx @ http://localhost:3000/_next/static/chunks/node_modules_next_dist_20ud_8w._.js:2099
[  371342ms] [ERROR] ./src/components/layouts/LandingNavbar.jsx:53:1
Unexpected token. Did you mean `{'}'}` or `&rbrace;`?
  51 |     </nav>
  52 |   );
> 53 | }
     | ^
  54 |

Parsing ecmascript source code failed

Import trace:
  Server Component:
    ./src/components/layouts/LandingNavbar.jsx
    ./src/app/page.tsx @ http://localhost:3000/_next/static/chunks/node_modules_next_dist_20ud_8w._.js:2099
[  371404ms] [ERROR] ./src/components/layouts/LandingNavbar.jsx:53:1
Unexpected token. Did you mean `{'}'}` or `&rbrace;`?
  51 |     </nav>
  52 |   );
> 53 | }
     | ^
  54 |

Parsing ecmascript source code failed

Import trace:
  Server Component:
    ./src/components/layouts/LandingNavbar.jsx
    ./src/app/page.tsx @ http://localhost:3000/_next/static/chunks/node_modules_next_dist_20ud_8w._.js:2099
[  371473ms] [ERROR] ./src/components/layouts/LandingNavbar.jsx:53:1
Unexpected token. Did you mean `{'}'}` or `&rbrace;`?
  51 |     </nav>
  52 |   );
> 53 | }
     | ^
  54 |

Parsing ecmascript source code failed

Import trace:
  Server Component:
    ./src/components/layouts/LandingNavbar.jsx
    ./src/app/page.tsx @ http://localhost:3000/_next/static/chunks/node_modules_next_dist_20ud_8w._.js:2099
[  371538ms] [ERROR] ./src/components/layouts/LandingNavbar.jsx:53:1
Unexpected token. Did you mean `{'}'}` or `&rbrace;`?
  51 |     </nav>
  52 |   );
> 53 | }
     | ^
  54 |

Parsing ecmascript source code failed

Import trace:
  Server Component:
    ./src/components/layouts/LandingNavbar.jsx
    ./src/app/page.tsx @ http://localhost:3000/_next/static/chunks/node_modules_next_dist_20ud_8w._.js:2099
[  371603ms] [ERROR] ./src/components/layouts/LandingNavbar.jsx:53:1
Unexpected token. Did you mean `{'}'}` or `&rbrace;`?
  51 |     </nav>
  52 |   );
> 53 | }
     | ^
  54 |

Parsing ecmascript source code failed

Import trace:
  Server Component:
    ./src/components/layouts/LandingNavbar.jsx
    ./src/app/page.tsx @ http://localhost:3000/_next/static/chunks/node_modules_next_dist_20ud_8w._.js:2099
[  371669ms] [ERROR] ./src/components/layouts/LandingNavbar.jsx:53:1
Unexpected token. Did you mean `{'}'}` or `&rbrace;`?
  51 |     </nav>
  52 |   );
> 53 | }
     | ^
  54 |

Parsing ecmascript source code failed

Import trace:
  Server Component:
    ./src/components/layouts/LandingNavbar.jsx
    ./src/app/page.tsx @ http://localhost:3000/_next/static/chunks/node_modules_next_dist_20ud_8w._.js:2099
[  371738ms] [ERROR] ./src/components/layouts/LandingNavbar.jsx:53:1
Unexpected token. Did you mean `{'}'}` or `&rbrace;`?
  51 |     </nav>
  52 |   );
> 53 | }
     | ^
  54 |

Parsing ecmascript source code failed

Import trace:
  Server Component:
    ./src/components/layouts/LandingNavbar.jsx
    ./src/app/page.tsx @ http://localhost:3000/_next/static/chunks/node_modules_next_dist_20ud_8w._.js:2099
[  371797ms] [ERROR] ./src/components/layouts/LandingNavbar.jsx:53:1
Unexpected token. Did you mean `{'}'}` or `&rbrace;`?
  51 |     </nav>
  52 |   );
> 53 | }
     | ^
  54 |

Parsing ecmascript source code failed

Import trace:
  Server Component:
    ./src/components/layouts/LandingNavbar.jsx
    ./src/app/page.tsx @ http://localhost:3000/_next/static/chunks/node_modules_next_dist_20ud_8w._.js:2099
[  371856ms] [ERROR] ./src/components/layouts/LandingNavbar.jsx:53:1
Unexpected token. Did you mean `{'}'}` or `&rbrace;`?
  51 |     </nav>
  52 |   );
> 53 | }
     | ^
  54 |

Parsing ecmascript source code failed

Import trace:
  Server Component:
    ./src/components/layouts/LandingNavbar.jsx
    ./src/app/page.tsx @ http://localhost:3000/_next/static/chunks/node_modules_next_dist_20ud_8w._.js:2099
[  371925ms] [ERROR] ./src/components/layouts/LandingNavbar.jsx:53:1
Unexpected token. Did you mean `{'}'}` or `&rbrace;`?
  51 |     </nav>
  52 |   );
> 53 | }
     | ^
  54 |

Parsing ecmascript source code failed

Import trace:
  Server Component:
    ./src/components/layouts/LandingNavbar.jsx
    ./src/app/page.tsx @ http://localhost:3000/_next/static/chunks/node_modules_next_dist_20ud_8w._.js:2099
[  371989ms] [ERROR] ./src/components/layouts/LandingNavbar.jsx:53:1
Unexpected token. Did you mean `{'}'}` or `&rbrace;`?
  51 |     </nav>
  52 |   );
> 53 | }
     | ^
  54 |

Parsing ecmascript source code failed

Import trace:
  Server Component:
    ./src/components/layouts/LandingNavbar.jsx
    ./src/app/page.tsx @ http://localhost:3000/_next/static/chunks/node_modules_next_dist_20ud_8w._.js:2099
[  372044ms] [ERROR] ./src/components/layouts/LandingNavbar.jsx:53:1
Unexpected token. Did you mean `{'}'}` or `&rbrace;`?
  51 |     </nav>
  52 |   );
> 53 | }
     | ^
  54 |

Parsing ecmascript source code failed

Import trace:
  Server Component:
    ./src/components/layouts/LandingNavbar.jsx
    ./src/app/page.tsx @ http://localhost:3000/_next/static/chunks/node_modules_next_dist_20ud_8w._.js:2099
[  372104ms] [ERROR] ./src/components/layouts/LandingNavbar.jsx:53:1
Unexpected token. Did you mean `{'}'}` or `&rbrace;`?
  51 |     </nav>
  52 |   );
> 53 | }
     | ^
  54 |

Parsing ecmascript source code failed

Import trace:
  Server Component:
    ./src/components/layouts/LandingNavbar.jsx
    ./src/app/page.tsx @ http://localhost:3000/_next/static/chunks/node_modules_next_dist_20ud_8w._.js:2099
[  372170ms] [ERROR] ./src/components/layouts/LandingNavbar.jsx:53:1
Unexpected token. Did you mean `{'}'}` or `&rbrace;`?
  51 |     </nav>
  52 |   );
> 53 | }
     | ^
  54 |

Parsing ecmascript source code failed

Import trace:
  Server Component:
    ./src/components/layouts/LandingNavbar.jsx
    ./src/app/page.tsx @ http://localhost:3000/_next/static/chunks/node_modules_next_dist_20ud_8w._.js:2099
[  372237ms] [ERROR] ./src/components/layouts/LandingNavbar.jsx:53:1
Unexpected token. Did you mean `{'}'}` or `&rbrace;`?
  51 |     </nav>
  52 |   );
> 53 | }
     | ^
  54 |

Parsing ecmascript source code failed

Import trace:
  Server Component:
    ./src/components/layouts/LandingNavbar.jsx
    ./src/app/page.tsx @ http://localhost:3000/_next/static/chunks/node_modules_next_dist_20ud_8w._.js:2099
[  372303ms] [ERROR] ./src/components/layouts/LandingNavbar.jsx:53:1
Unexpected token. Did you mean `{'}'}` or `&rbrace;`?
  51 |     </nav>
  52 |   );
> 53 | }
     | ^
  54 |

Parsing ecmascript source code failed

Import trace:
  Server Component:
    ./src/components/layouts/LandingNavbar.jsx
    ./src/app/page.tsx @ http://localhost:3000/_next/static/chunks/node_modules_next_dist_20ud_8w._.js:2099
[  372369ms] [ERROR] ./src/components/layouts/LandingNavbar.jsx:53:1
Unexpected token. Did you mean `{'}'}` or `&rbrace;`?
  51 |     </nav>
  52 |   );
> 53 | }
     | ^
  54 |

Parsing ecmascript source code failed

Import trace:
  Server Component:
    ./src/components/layouts/LandingNavbar.jsx
    ./src/app/page.tsx @ http://localhost:3000/_next/static/chunks/node_modules_next_dist_20ud_8w._.js:2099
[  372437ms] [ERROR] ./src/components/layouts/LandingNavbar.jsx:53:1
Unexpected token. Did you mean `{'}'}` or `&rbrace;`?
  51 |     </nav>
  52 |   );
> 53 | }
     | ^
  54 |

Parsing ecmascript source code failed

Import trace:
  Server Component:
    ./src/components/layouts/LandingNavbar.jsx
    ./src/app/page.tsx @ http://localhost:3000/_next/static/chunks/node_modules_next_dist_20ud_8w._.js:2099
[  372502ms] [ERROR] ./src/components/layouts/LandingNavbar.jsx:53:1
Unexpected token. Did you mean `{'}'}` or `&rbrace;`?
  51 |     </nav>
  52 |   );
> 53 | }
     | ^
  54 |

Parsing ecmascript source code failed

Import trace:
  Server Component:
    ./src/components/layouts/LandingNavbar.jsx
    ./src/app/page.tsx @ http://localhost:3000/_next/static/chunks/node_modules_next_dist_20ud_8w._.js:2099
[  372556ms] [ERROR] ./src/components/layouts/LandingNavbar.jsx:53:1
Unexpected token. Did you mean `{'}'}` or `&rbrace;`?
  51 |     </nav>
  52 |   );
> 53 | }
     | ^
  54 |

Parsing ecmascript source code failed

Import trace:
  Server Component:
    ./src/components/layouts/LandingNavbar.jsx
    ./src/app/page.tsx @ http://localhost:3000/_next/static/chunks/node_modules_next_dist_20ud_8w._.js:2099
[  372621ms] [ERROR] ./src/components/layouts/LandingNavbar.jsx:53:1
Unexpected token. Did you mean `{'}'}` or `&rbrace;`?
  51 |     </nav>
  52 |   );
> 53 | }
     | ^
  54 |

Parsing ecmascript source code failed

Import trace:
  Server Component:
    ./src/components/layouts/LandingNavbar.jsx
    ./src/app/page.tsx @ http://localhost:3000/_next/static/chunks/node_modules_next_dist_20ud_8w._.js:2099
[  372687ms] [ERROR] ./src/components/layouts/LandingNavbar.jsx:53:1
Unexpected token. Did you mean `{'}'}` or `&rbrace;`?
  51 |     </nav>
  52 |   );
> 53 | }
     | ^
  54 |

Parsing ecmascript source code failed

Import trace:
  Server Component:
    ./src/components/layouts/LandingNavbar.jsx
    ./src/app/page.tsx @ http://localhost:3000/_next/static/chunks/node_modules_next_dist_20ud_8w._.js:2099
[  372754ms] [ERROR] ./src/components/layouts/LandingNavbar.jsx:53:1
Unexpected token. Did you mean `{'}'}` or `&rbrace;`?
  51 |     </nav>
  52 |   );
> 53 | }
     | ^
  54 |

Parsing ecmascript source code failed

Import trace:
  Server Component:
    ./src/components/layouts/LandingNavbar.jsx
    ./src/app/page.tsx @ http://localhost:3000/_next/static/chunks/node_modules_next_dist_20ud_8w._.js:2099
[  372805ms] [ERROR] ./src/components/layouts/LandingNavbar.jsx:53:1
Unexpected token. Did you mean `{'}'}` or `&rbrace;`?
  51 |     </nav>
  52 |   );
> 53 | }
     | ^
  54 |

Parsing ecmascript source code failed

Import trace:
  Server Component:
    ./src/components/layouts/LandingNavbar.jsx
    ./src/app/page.tsx @ http://localhost:3000/_next/static/chunks/node_modules_next_dist_20ud_8w._.js:2099
[  372871ms] [ERROR] ./src/components/layouts/LandingNavbar.jsx:53:1
Unexpected token. Did you mean `{'}'}` or `&rbrace;`?
  51 |     </nav>
  52 |   );
> 53 | }
     | ^
  54 |

Parsing ecmascript source code failed

Import trace:
  Server Component:
    ./src/components/layouts/LandingNavbar.jsx
    ./src/app/page.tsx @ http://localhost:3000/_next/static/chunks/node_modules_next_dist_20ud_8w._.js:2099
[  372937ms] [ERROR] ./src/components/layouts/LandingNavbar.jsx:53:1
Unexpected token. Did you mean `{'}'}` or `&rbrace;`?
  51 |     </nav>
  52 |   );
> 53 | }
     | ^
  54 |

Parsing ecmascript source code failed

Import trace:
  Server Component:
    ./src/components/layouts/LandingNavbar.jsx
    ./src/app/page.tsx @ http://localhost:3000/_next/static/chunks/node_modules_next_dist_20ud_8w._.js:2099
[  373004ms] [ERROR] ./src/components/layouts/LandingNavbar.jsx:53:1
Unexpected token. Did you mean `{'}'}` or `&rbrace;`?
  51 |     </nav>
  52 |   );
> 53 | }
     | ^
  54 |

Parsing ecmascript source code failed

Import trace:
  Server Component:
    ./src/components/layouts/LandingNavbar.jsx
    ./src/app/page.tsx @ http://localhost:3000/_next/static/chunks/node_modules_next_dist_20ud_8w._.js:2099
[  373056ms] [ERROR] ./src/components/layouts/LandingNavbar.jsx:53:1
Unexpected token. Did you mean `{'}'}` or `&rbrace;`?
  51 |     </nav>
  52 |   );
> 53 | }
     | ^
  54 |

Parsing ecmascript source code failed

Import trace:
  Server Component:
    ./src/components/layouts/LandingNavbar.jsx
    ./src/app/page.tsx @ http://localhost:3000/_next/static/chunks/node_modules_next_dist_20ud_8w._.js:2099
[  373121ms] [ERROR] ./src/components/layouts/LandingNavbar.jsx:53:1
Unexpected token. Did you mean `{'}'}` or `&rbrace;`?
  51 |     </nav>
  52 |   );
> 53 | }
     | ^
  54 |

Parsing ecmascript source code failed

Import trace:
  Server Component:
    ./src/components/layouts/LandingNavbar.jsx
    ./src/app/page.tsx @ http://localhost:3000/_next/static/chunks/node_modules_next_dist_20ud_8w._.js:2099
[  373188ms] [ERROR] ./src/components/layouts/LandingNavbar.jsx:53:1
Unexpected token. Did you mean `{'}'}` or `&rbrace;`?
  51 |     </nav>
  52 |   );
> 53 | }
     | ^
  54 |

Parsing ecmascript source code failed

Import trace:
  Server Component:
    ./src/components/layouts/LandingNavbar.jsx
    ./src/app/page.tsx @ http://localhost:3000/_next/static/chunks/node_modules_next_dist_20ud_8w._.js:2099
[  373254ms] [ERROR] ./src/components/layouts/LandingNavbar.jsx:53:1
Unexpected token. Did you mean `{'}'}` or `&rbrace;`?
  51 |     </nav>
  52 |   );
> 53 | }
     | ^
  54 |

Parsing ecmascript source code failed

Import trace:
  Server Component:
    ./src/components/layouts/LandingNavbar.jsx
    ./src/app/page.tsx @ http://localhost:3000/_next/static/chunks/node_modules_next_dist_20ud_8w._.js:2099
[  373321ms] [ERROR] ./src/components/layouts/LandingNavbar.jsx:53:1
Unexpected token. Did you mean `{'}'}` or `&rbrace;`?
  51 |     </nav>
  52 |   );
> 53 | }
     | ^
  54 |

Parsing ecmascript source code failed

Import trace:
  Server Component:
    ./src/components/layouts/LandingNavbar.jsx
    ./src/app/page.tsx @ http://localhost:3000/_next/static/chunks/node_modules_next_dist_20ud_8w._.js:2099
[  373387ms] [ERROR] ./src/components/layouts/LandingNavbar.jsx:53:1
Unexpected token. Did you mean `{'}'}` or `&rbrace;`?
  51 |     </nav>
  52 |   );
> 53 | }
     | ^
  54 |

Parsing ecmascript source code failed

Import trace:
  Server Component:
    ./src/components/layouts/LandingNavbar.jsx
    ./src/app/page.tsx @ http://localhost:3000/_next/static/chunks/node_modules_next_dist_20ud_8w._.js:2099
[  373455ms] [ERROR] ./src/components/layouts/LandingNavbar.jsx:53:1
Unexpected token. Did you mean `{'}'}` or `&rbrace;`?
  51 |     </nav>
  52 |   );
> 53 | }
     | ^
  54 |

Parsing ecmascript source code failed

Import trace:
  Server Component:
    ./src/components/layouts/LandingNavbar.jsx
    ./src/app/page.tsx @ http://localhost:3000/_next/static/chunks/node_modules_next_dist_20ud_8w._.js:2099
[  373522ms] [ERROR] ./src/components/layouts/LandingNavbar.jsx:53:1
Unexpected token. Did you mean `{'}'}` or `&rbrace;`?
  51 |     </nav>
  52 |   );
> 53 | }
     | ^
  54 |

Parsing ecmascript source code failed

Import trace:
  Server Component:
    ./src/components/layouts/LandingNavbar.jsx
    ./src/app/page.tsx @ http://localhost:3000/_next/static/chunks/node_modules_next_dist_20ud_8w._.js:2099
[  373587ms] [ERROR] ./src/components/layouts/LandingNavbar.jsx:53:1
Unexpected token. Did you mean `{'}'}` or `&rbrace;`?
  51 |     </nav>
  52 |   );
> 53 | }
     | ^
  54 |

Parsing ecmascript source code failed

Import trace:
  Server Component:
    ./src/components/layouts/LandingNavbar.jsx
    ./src/app/page.tsx @ http://localhost:3000/_next/static/chunks/node_modules_next_dist_20ud_8w._.js:2099
[  373661ms] [ERROR] ./src/components/layouts/LandingNavbar.jsx:53:1
Unexpected token. Did you mean `{'}'}` or `&rbrace;`?
  51 |     </nav>
  52 |   );
> 53 | }
     | ^
  54 |

Parsing ecmascript source code failed

Import trace:
  Server Component:
    ./src/components/layouts/LandingNavbar.jsx
    ./src/app/page.tsx @ http://localhost:3000/_next/static/chunks/node_modules_next_dist_20ud_8w._.js:2099
[  373739ms] [ERROR] ./src/components/layouts/LandingNavbar.jsx:53:1
Unexpected token. Did you mean `{'}'}` or `&rbrace;`?
  51 |     </nav>
  52 |   );
> 53 | }
     | ^
  54 |

Parsing ecmascript source code failed

Import trace:
  Server Component:
    ./src/components/layouts/LandingNavbar.jsx
    ./src/app/page.tsx @ http://localhost:3000/_next/static/chunks/node_modules_next_dist_20ud_8w._.js:2099
[  373808ms] [ERROR] ./src/components/layouts/LandingNavbar.jsx:53:1
Unexpected token. Did you mean `{'}'}` or `&rbrace;`?
  51 |     </nav>
  52 |   );
> 53 | }
     | ^
  54 |

Parsing ecmascript source code failed

Import trace:
  Server Component:
    ./src/components/layouts/LandingNavbar.jsx
    ./src/app/page.tsx @ http://localhost:3000/_next/static/chunks/node_modules_next_dist_20ud_8w._.js:2099
[  373872ms] [ERROR] ./src/components/layouts/LandingNavbar.jsx:53:1
Unexpected token. Did you mean `{'}'}` or `&rbrace;`?
  51 |     </nav>
  52 |   );
> 53 | }
     | ^
  54 |

Parsing ecmascript source code failed

Import trace:
  Server Component:
    ./src/components/layouts/LandingNavbar.jsx
    ./src/app/page.tsx @ http://localhost:3000/_next/static/chunks/node_modules_next_dist_20ud_8w._.js:2099
[  373925ms] [ERROR] ./src/components/layouts/LandingNavbar.jsx:53:1
Unexpected token. Did you mean `{'}'}` or `&rbrace;`?
  51 |     </nav>
  52 |   );
> 53 | }
     | ^
  54 |

Parsing ecmascript source code failed

Import trace:
  Server Component:
    ./src/components/layouts/LandingNavbar.jsx
    ./src/app/page.tsx @ http://localhost:3000/_next/static/chunks/node_modules_next_dist_20ud_8w._.js:2099
[  373992ms] [ERROR] ./src/components/layouts/LandingNavbar.jsx:53:1
Unexpected token. Did you mean `{'}'}` or `&rbrace;`?
  51 |     </nav>
  52 |   );
> 53 | }
     | ^
  54 |

Parsing ecmascript source code failed

Import trace:
  Server Component:
    ./src/components/layouts/LandingNavbar.jsx
    ./src/app/page.tsx @ http://localhost:3000/_next/static/chunks/node_modules_next_dist_20ud_8w._.js:2099
[  374057ms] [ERROR] ./src/components/layouts/LandingNavbar.jsx:53:1
Unexpected token. Did you mean `{'}'}` or `&rbrace;`?
  51 |     </nav>
  52 |   );
> 53 | }
     | ^
  54 |

Parsing ecmascript source code failed

Import trace:
  Server Component:
    ./src/components/layouts/LandingNavbar.jsx
    ./src/app/page.tsx @ http://localhost:3000/_next/static/chunks/node_modules_next_dist_20ud_8w._.js:2099
[  374120ms] [ERROR] ./src/components/layouts/LandingNavbar.jsx:53:1
Unexpected token. Did you mean `{'}'}` or `&rbrace;`?
  51 |     </nav>
  52 |   );
> 53 | }
     | ^
  54 |

Parsing ecmascript source code failed

Import trace:
  Server Component:
    ./src/components/layouts/LandingNavbar.jsx
    ./src/app/page.tsx @ http://localhost:3000/_next/static/chunks/node_modules_next_dist_20ud_8w._.js:2099
[  374175ms] [ERROR] ./src/components/layouts/LandingNavbar.jsx:53:1
Unexpected token. Did you mean `{'}'}` or `&rbrace;`?
  51 |     </nav>
  52 |   );
> 53 | }
     | ^
  54 |

Parsing ecmascript source code failed

Import trace:
  Server Component:
    ./src/components/layouts/LandingNavbar.jsx
    ./src/app/page.tsx @ http://localhost:3000/_next/static/chunks/node_modules_next_dist_20ud_8w._.js:2099
[  374239ms] [ERROR] ./src/components/layouts/LandingNavbar.jsx:53:1
Unexpected token. Did you mean `{'}'}` or `&rbrace;`?
  51 |     </nav>
  52 |   );
> 53 | }
     | ^
  54 |

Parsing ecmascript source code failed

Import trace:
  Server Component:
    ./src/components/layouts/LandingNavbar.jsx
    ./src/app/page.tsx @ http://localhost:3000/_next/static/chunks/node_modules_next_dist_20ud_8w._.js:2099
[  374307ms] [ERROR] ./src/components/layouts/LandingNavbar.jsx:53:1
Unexpected token. Did you mean `{'}'}` or `&rbrace;`?
  51 |     </nav>
  52 |   );
> 53 | }
     | ^
  54 |

Parsing ecmascript source code failed

Import trace:
  Server Component:
    ./src/components/layouts/LandingNavbar.jsx
    ./src/app/page.tsx @ http://localhost:3000/_next/static/chunks/node_modules_next_dist_20ud_8w._.js:2099
[  374370ms] [ERROR] ./src/components/layouts/LandingNavbar.jsx:53:1
Unexpected token. Did you mean `{'}'}` or `&rbrace;`?
  51 |     </nav>
  52 |   );
> 53 | }
     | ^
  54 |

Parsing ecmascript source code failed

Import trace:
  Server Component:
    ./src/components/layouts/LandingNavbar.jsx
    ./src/app/page.tsx @ http://localhost:3000/_next/static/chunks/node_modules_next_dist_20ud_8w._.js:2099
[  374439ms] [ERROR] ./src/components/layouts/LandingNavbar.jsx:53:1
Unexpected token. Did you mean `{'}'}` or `&rbrace;`?
  51 |     </nav>
  52 |   );
> 53 | }
     | ^
  54 |

Parsing ecmascript source code failed

Import trace:
  Server Component:
    ./src/components/layouts/LandingNavbar.jsx
    ./src/app/page.tsx @ http://localhost:3000/_next/static/chunks/node_modules_next_dist_20ud_8w._.js:2099
[  374507ms] [ERROR] ./src/components/layouts/LandingNavbar.jsx:53:1
Unexpected token. Did you mean `{'}'}` or `&rbrace;`?
  51 |     </nav>
  52 |   );
> 53 | }
     | ^
  54 |

Parsing ecmascript source code failed

Import trace:
  Server Component:
    ./src/components/layouts/LandingNavbar.jsx
    ./src/app/page.tsx @ http://localhost:3000/_next/static/chunks/node_modules_next_dist_20ud_8w._.js:2099
[  374572ms] [ERROR] ./src/components/layouts/LandingNavbar.jsx:53:1
Unexpected token. Did you mean `{'}'}` or `&rbrace;`?
  51 |     </nav>
  52 |   );
> 53 | }
     | ^
  54 |

Parsing ecmascript source code failed

Import trace:
  Server Component:
    ./src/components/layouts/LandingNavbar.jsx
    ./src/app/page.tsx @ http://localhost:3000/_next/static/chunks/node_modules_next_dist_20ud_8w._.js:2099
[  374638ms] [ERROR] ./src/components/layouts/LandingNavbar.jsx:53:1
Unexpected token. Did you mean `{'}'}` or `&rbrace;`?
  51 |     </nav>
  52 |   );
> 53 | }
     | ^
  54 |

Parsing ecmascript source code failed

Import trace:
  Server Component:
    ./src/components/layouts/LandingNavbar.jsx
    ./src/app/page.tsx @ http://localhost:3000/_next/static/chunks/node_modules_next_dist_20ud_8w._.js:2099
[  374702ms] [ERROR] ./src/components/layouts/LandingNavbar.jsx:53:1
Unexpected token. Did you mean `{'}'}` or `&rbrace;`?
  51 |     </nav>
  52 |   );
> 53 | }
     | ^
  54 |

Parsing ecmascript source code failed

Import trace:
  Server Component:
    ./src/components/layouts/LandingNavbar.jsx
    ./src/app/page.tsx @ http://localhost:3000/_next/static/chunks/node_modules_next_dist_20ud_8w._.js:2099
[  374766ms] [ERROR] ./src/components/layouts/LandingNavbar.jsx:53:1
Unexpected token. Did you mean `{'}'}` or `&rbrace;`?
  51 |     </nav>
  52 |   );
> 53 | }
     | ^
  54 |

Parsing ecmascript source code failed

Import trace:
  Server Component:
    ./src/components/layouts/LandingNavbar.jsx
    ./src/app/page.tsx @ http://localhost:3000/_next/static/chunks/node_modules_next_dist_20ud_8w._.js:2099
[  374835ms] [ERROR] ./src/components/layouts/LandingNavbar.jsx:53:1
Unexpected token. Did you mean `{'}'}` or `&rbrace;`?
  51 |     </nav>
  52 |   );
> 53 | }
     | ^
  54 |

Parsing ecmascript source code failed

Import trace:
  Server Component:
    ./src/components/layouts/LandingNavbar.jsx
    ./src/app/page.tsx @ http://localhost:3000/_next/static/chunks/node_modules_next_dist_20ud_8w._.js:2099
[  374899ms] [ERROR] ./src/components/layouts/LandingNavbar.jsx:53:1
Unexpected token. Did you mean `{'}'}` or `&rbrace;`?
  51 |     </nav>
  52 |   );
> 53 | }
     | ^
  54 |

Parsing ecmascript source code failed

Import trace:
  Server Component:
    ./src/components/layouts/LandingNavbar.jsx
    ./src/app/page.tsx @ http://localhost:3000/_next/static/chunks/node_modules_next_dist_20ud_8w._.js:2099
[  374958ms] [ERROR] ./src/components/layouts/LandingNavbar.jsx:53:1
Unexpected token. Did you mean `{'}'}` or `&rbrace;`?
  51 |     </nav>
  52 |   );
> 53 | }
     | ^
  54 |

Parsing ecmascript source code failed

Import trace:
  Server Component:
    ./src/components/layouts/LandingNavbar.jsx
    ./src/app/page.tsx @ http://localhost:3000/_next/static/chunks/node_modules_next_dist_20ud_8w._.js:2099
[  375022ms] [ERROR] ./src/components/layouts/LandingNavbar.jsx:53:1
Unexpected token. Did you mean `{'}'}` or `&rbrace;`?
  51 |     </nav>
  52 |   );
> 53 | }
     | ^
  54 |

Parsing ecmascript source code failed

Import trace:
  Server Component:
    ./src/components/layouts/LandingNavbar.jsx
    ./src/app/page.tsx @ http://localhost:3000/_next/static/chunks/node_modules_next_dist_20ud_8w._.js:2099
[  375087ms] [ERROR] ./src/components/layouts/LandingNavbar.jsx:53:1
Unexpected token. Did you mean `{'}'}` or `&rbrace;`?
  51 |     </nav>
  52 |   );
> 53 | }
     | ^
  54 |

Parsing ecmascript source code failed

Import trace:
  Server Component:
    ./src/components/layouts/LandingNavbar.jsx
    ./src/app/page.tsx @ http://localhost:3000/_next/static/chunks/node_modules_next_dist_20ud_8w._.js:2099
[  375154ms] [ERROR] ./src/components/layouts/LandingNavbar.jsx:53:1
Unexpected token. Did you mean `{'}'}` or `&rbrace;`?
  51 |     </nav>
  52 |   );
> 53 | }
     | ^
  54 |

Parsing ecmascript source code failed

Import trace:
  Server Component:
    ./src/components/layouts/LandingNavbar.jsx
    ./src/app/page.tsx @ http://localhost:3000/_next/static/chunks/node_modules_next_dist_20ud_8w._.js:2099
[  375206ms] [ERROR] ./src/components/layouts/LandingNavbar.jsx:53:1
Unexpected token. Did you mean `{'}'}` or `&rbrace;`?
  51 |     </nav>
  52 |   );
> 53 | }
     | ^
  54 |

Parsing ecmascript source code failed

Import trace:
  Server Component:
    ./src/components/layouts/LandingNavbar.jsx
    ./src/app/page.tsx @ http://localhost:3000/_next/static/chunks/node_modules_next_dist_20ud_8w._.js:2099
[  375271ms] [ERROR] ./src/components/layouts/LandingNavbar.jsx:53:1
Unexpected token. Did you mean `{'}'}` or `&rbrace;`?
  51 |     </nav>
  52 |   );
> 53 | }
     | ^
  54 |

Parsing ecmascript source code failed

Import trace:
  Server Component:
    ./src/components/layouts/LandingNavbar.jsx
    ./src/app/page.tsx @ http://localhost:3000/_next/static/chunks/node_modules_next_dist_20ud_8w._.js:2099
[  375336ms] [ERROR] ./src/components/layouts/LandingNavbar.jsx:53:1
Unexpected token. Did you mean `{'}'}` or `&rbrace;`?
  51 |     </nav>
  52 |   );
> 53 | }
     | ^
  54 |

Parsing ecmascript source code failed

Import trace:
  Server Component:
    ./src/components/layouts/LandingNavbar.jsx
    ./src/app/page.tsx @ http://localhost:3000/_next/static/chunks/node_modules_next_dist_20ud_8w._.js:2099
[  375405ms] [ERROR] ./src/components/layouts/LandingNavbar.jsx:53:1
Unexpected token. Did you mean `{'}'}` or `&rbrace;`?
  51 |     </nav>
  52 |   );
> 53 | }
     | ^
  54 |

Parsing ecmascript source code failed

Import trace:
  Server Component:
    ./src/components/layouts/LandingNavbar.jsx
    ./src/app/page.tsx @ http://localhost:3000/_next/static/chunks/node_modules_next_dist_20ud_8w._.js:2099
[  375456ms] [ERROR] ./src/components/layouts/LandingNavbar.jsx:53:1
Unexpected token. Did you mean `{'}'}` or `&rbrace;`?
  51 |     </nav>
  52 |   );
> 53 | }
     | ^
  54 |

Parsing ecmascript source code failed

Import trace:
  Server Component:
    ./src/components/layouts/LandingNavbar.jsx
    ./src/app/page.tsx @ http://localhost:3000/_next/static/chunks/node_modules_next_dist_20ud_8w._.js:2099
[  375522ms] [ERROR] ./src/components/layouts/LandingNavbar.jsx:53:1
Unexpected token. Did you mean `{'}'}` or `&rbrace;`?
  51 |     </nav>
  52 |   );
> 53 | }
     | ^
  54 |

Parsing ecmascript source code failed

Import trace:
  Server Component:
    ./src/components/layouts/LandingNavbar.jsx
    ./src/app/page.tsx @ http://localhost:3000/_next/static/chunks/node_modules_next_dist_20ud_8w._.js:2099
[  375587ms] [ERROR] ./src/components/layouts/LandingNavbar.jsx:53:1
Unexpected token. Did you mean `{'}'}` or `&rbrace;`?
  51 |     </nav>
  52 |   );
> 53 | }
     | ^
  54 |

Parsing ecmascript source code failed

Import trace:
  Server Component:
    ./src/components/layouts/LandingNavbar.jsx
    ./src/app/page.tsx @ http://localhost:3000/_next/static/chunks/node_modules_next_dist_20ud_8w._.js:2099
[  375645ms] [ERROR] ./src/components/layouts/LandingNavbar.jsx:53:1
Unexpected token. Did you mean `{'}'}` or `&rbrace;`?
  51 |     </nav>
  52 |   );
> 53 | }
     | ^
  54 |

Parsing ecmascript source code failed

Import trace:
  Server Component:
    ./src/components/layouts/LandingNavbar.jsx
    ./src/app/page.tsx @ http://localhost:3000/_next/static/chunks/node_modules_next_dist_20ud_8w._.js:2099
[  375706ms] [ERROR] ./src/components/layouts/LandingNavbar.jsx:53:1
Unexpected token. Did you mean `{'}'}` or `&rbrace;`?
  51 |     </nav>
  52 |   );
> 53 | }
     | ^
  54 |

Parsing ecmascript source code failed

Import trace:
  Server Component:
    ./src/components/layouts/LandingNavbar.jsx
    ./src/app/page.tsx @ http://localhost:3000/_next/static/chunks/node_modules_next_dist_20ud_8w._.js:2099
[  375774ms] [ERROR] ./src/components/layouts/LandingNavbar.jsx:53:1
Unexpected token. Did you mean `{'}'}` or `&rbrace;`?
  51 |     </nav>
  52 |   );
> 53 | }
     | ^
  54 |

Parsing ecmascript source code failed

Import trace:
  Server Component:
    ./src/components/layouts/LandingNavbar.jsx
    ./src/app/page.tsx @ http://localhost:3000/_next/static/chunks/node_modules_next_dist_20ud_8w._.js:2099
[  375838ms] [ERROR] ./src/components/layouts/LandingNavbar.jsx:53:1
Unexpected token. Did you mean `{'}'}` or `&rbrace;`?
  51 |     </nav>
  52 |   );
> 53 | }
     | ^
  54 |

Parsing ecmascript source code failed

Import trace:
  Server Component:
    ./src/components/layouts/LandingNavbar.jsx
    ./src/app/page.tsx @ http://localhost:3000/_next/static/chunks/node_modules_next_dist_20ud_8w._.js:2099
[  375906ms] [ERROR] ./src/components/layouts/LandingNavbar.jsx:53:1
Unexpected token. Did you mean `{'}'}` or `&rbrace;`?
  51 |     </nav>
  52 |   );
> 53 | }
     | ^
  54 |

Parsing ecmascript source code failed

Import trace:
  Server Component:
    ./src/components/layouts/LandingNavbar.jsx
    ./src/app/page.tsx @ http://localhost:3000/_next/static/chunks/node_modules_next_dist_20ud_8w._.js:2099
[  375971ms] [ERROR] ./src/components/layouts/LandingNavbar.jsx:53:1
Unexpected token. Did you mean `{'}'}` or `&rbrace;`?
  51 |     </nav>
  52 |   );
> 53 | }
     | ^
  54 |

Parsing ecmascript source code failed

Import trace:
  Server Component:
    ./src/components/layouts/LandingNavbar.jsx
    ./src/app/page.tsx @ http://localhost:3000/_next/static/chunks/node_modules_next_dist_20ud_8w._.js:2099
[  376026ms] [ERROR] ./src/components/layouts/LandingNavbar.jsx:53:1
Unexpected token. Did you mean `{'}'}` or `&rbrace;`?
  51 |     </nav>
  52 |   );
> 53 | }
     | ^
  54 |

Parsing ecmascript source code failed

Import trace:
  Server Component:
    ./src/components/layouts/LandingNavbar.jsx
    ./src/app/page.tsx @ http://localhost:3000/_next/static/chunks/node_modules_next_dist_20ud_8w._.js:2099
[  376089ms] [ERROR] ./src/components/layouts/LandingNavbar.jsx:53:1
Unexpected token. Did you mean `{'}'}` or `&rbrace;`?
  51 |     </nav>
  52 |   );
> 53 | }
     | ^
  54 |

Parsing ecmascript source code failed

Import trace:
  Server Component:
    ./src/components/layouts/LandingNavbar.jsx
    ./src/app/page.tsx @ http://localhost:3000/_next/static/chunks/node_modules_next_dist_20ud_8w._.js:2099
[  376157ms] [ERROR] ./src/components/layouts/LandingNavbar.jsx:53:1
Unexpected token. Did you mean `{'}'}` or `&rbrace;`?
  51 |     </nav>
  52 |   );
> 53 | }
     | ^
  54 |

Parsing ecmascript source code failed

Import trace:
  Server Component:
    ./src/components/layouts/LandingNavbar.jsx
    ./src/app/page.tsx @ http://localhost:3000/_next/static/chunks/node_modules_next_dist_20ud_8w._.js:2099
[  376220ms] [ERROR] ./src/components/layouts/LandingNavbar.jsx:53:1
Unexpected token. Did you mean `{'}'}` or `&rbrace;`?
  51 |     </nav>
  52 |   );
> 53 | }
     | ^
  54 |

Parsing ecmascript source code failed

Import trace:
  Server Component:
    ./src/components/layouts/LandingNavbar.jsx
    ./src/app/page.tsx @ http://localhost:3000/_next/static/chunks/node_modules_next_dist_20ud_8w._.js:2099
[  376287ms] [ERROR] ./src/components/layouts/LandingNavbar.jsx:53:1
Unexpected token. Did you mean `{'}'}` or `&rbrace;`?
  51 |     </nav>
  52 |   );
> 53 | }
     | ^
  54 |

Parsing ecmascript source code failed

Import trace:
  Server Component:
    ./src/components/layouts/LandingNavbar.jsx
    ./src/app/page.tsx @ http://localhost:3000/_next/static/chunks/node_modules_next_dist_20ud_8w._.js:2099
[  376354ms] [ERROR] ./src/components/layouts/LandingNavbar.jsx:53:1
Unexpected token. Did you mean `{'}'}` or `&rbrace;`?
  51 |     </nav>
  52 |   );
> 53 | }
     | ^
  54 |

Parsing ecmascript source code failed

Import trace:
  Server Component:
    ./src/components/layouts/LandingNavbar.jsx
    ./src/app/page.tsx @ http://localhost:3000/_next/static/chunks/node_modules_next_dist_20ud_8w._.js:2099
[  376421ms] [ERROR] ./src/components/layouts/LandingNavbar.jsx:53:1
Unexpected token. Did you mean `{'}'}` or `&rbrace;`?
  51 |     </nav>
  52 |   );
> 53 | }
     | ^
  54 |

Parsing ecmascript source code failed

Import trace:
  Server Component:
    ./src/components/layouts/LandingNavbar.jsx
    ./src/app/page.tsx @ http://localhost:3000/_next/static/chunks/node_modules_next_dist_20ud_8w._.js:2099
[  376474ms] [ERROR] ./src/components/layouts/LandingNavbar.jsx:53:1
Unexpected token. Did you mean `{'}'}` or `&rbrace;`?
  51 |     </nav>
  52 |   );
> 53 | }
     | ^
  54 |

Parsing ecmascript source code failed

Import trace:
  Server Component:
    ./src/components/layouts/LandingNavbar.jsx
    ./src/app/page.tsx @ http://localhost:3000/_next/static/chunks/node_modules_next_dist_20ud_8w._.js:2099
[  376523ms] [ERROR] ./src/components/layouts/LandingNavbar.jsx:53:1
Unexpected token. Did you mean `{'}'}` or `&rbrace;`?
  51 |     </nav>
  52 |   );
> 53 | }
     | ^
  54 |

Parsing ecmascript source code failed

Import trace:
  Server Component:
    ./src/components/layouts/LandingNavbar.jsx
    ./src/app/page.tsx @ http://localhost:3000/_next/static/chunks/node_modules_next_dist_20ud_8w._.js:2099
[  376589ms] [ERROR] ./src/components/layouts/LandingNavbar.jsx:53:1
Unexpected token. Did you mean `{'}'}` or `&rbrace;`?
  51 |     </nav>
  52 |   );
> 53 | }
     | ^
  54 |

Parsing ecmascript source code failed

Import trace:
  Server Component:
    ./src/components/layouts/LandingNavbar.jsx
    ./src/app/page.tsx @ http://localhost:3000/_next/static/chunks/node_modules_next_dist_20ud_8w._.js:2099
[  376656ms] [ERROR] ./src/components/layouts/LandingNavbar.jsx:53:1
Unexpected token. Did you mean `{'}'}` or `&rbrace;`?
  51 |     </nav>
  52 |   );
> 53 | }
     | ^
  54 |

Parsing ecmascript source code failed

Import trace:
  Server Component:
    ./src/components/layouts/LandingNavbar.jsx
    ./src/app/page.tsx @ http://localhost:3000/_next/static/chunks/node_modules_next_dist_20ud_8w._.js:2099
[  376721ms] [ERROR] ./src/components/layouts/LandingNavbar.jsx:53:1
Unexpected token. Did you mean `{'}'}` or `&rbrace;`?
  51 |     </nav>
  52 |   );
> 53 | }
     | ^
  54 |

Parsing ecmascript source code failed

Import trace:
  Server Component:
    ./src/components/layouts/LandingNavbar.jsx
    ./src/app/page.tsx @ http://localhost:3000/_next/static/chunks/node_modules_next_dist_20ud_8w._.js:2099
[  376787ms] [ERROR] ./src/components/layouts/LandingNavbar.jsx:53:1
Unexpected token. Did you mean `{'}'}` or `&rbrace;`?
  51 |     </nav>
  52 |   );
> 53 | }
     | ^
  54 |

Parsing ecmascript source code failed

Import trace:
  Server Component:
    ./src/components/layouts/LandingNavbar.jsx
    ./src/app/page.tsx @ http://localhost:3000/_next/static/chunks/node_modules_next_dist_20ud_8w._.js:2099
[  376855ms] [ERROR] ./src/components/layouts/LandingNavbar.jsx:53:1
Unexpected token. Did you mean `{'}'}` or `&rbrace;`?
  51 |     </nav>
  52 |   );
> 53 | }
     | ^
  54 |

Parsing ecmascript source code failed

Import trace:
  Server Component:
    ./src/components/layouts/LandingNavbar.jsx
    ./src/app/page.tsx @ http://localhost:3000/_next/static/chunks/node_modules_next_dist_20ud_8w._.js:2099
[  376922ms] [ERROR] ./src/components/layouts/LandingNavbar.jsx:53:1
Unexpected token. Did you mean `{'}'}` or `&rbrace;`?
  51 |     </nav>
  52 |   );
> 53 | }
     | ^
  54 |

Parsing ecmascript source code failed

Import trace:
  Server Component:
    ./src/components/layouts/LandingNavbar.jsx
    ./src/app/page.tsx @ http://localhost:3000/_next/static/chunks/node_modules_next_dist_20ud_8w._.js:2099
[  376988ms] [ERROR] ./src/components/layouts/LandingNavbar.jsx:53:1
Unexpected token. Did you mean `{'}'}` or `&rbrace;`?
  51 |     </nav>
  52 |   );
> 53 | }
     | ^
  54 |

Parsing ecmascript source code failed

Import trace:
  Server Component:
    ./src/components/layouts/LandingNavbar.jsx
    ./src/app/page.tsx @ http://localhost:3000/_next/static/chunks/node_modules_next_dist_20ud_8w._.js:2099
[  377054ms] [ERROR] ./src/components/layouts/LandingNavbar.jsx:53:1
Unexpected token. Did you mean `{'}'}` or `&rbrace;`?
  51 |     </nav>
  52 |   );
> 53 | }
     | ^
  54 |

Parsing ecmascript source code failed

Import trace:
  Server Component:
    ./src/components/layouts/LandingNavbar.jsx
    ./src/app/page.tsx @ http://localhost:3000/_next/static/chunks/node_modules_next_dist_20ud_8w._.js:2099
[  377124ms] [ERROR] ./src/components/layouts/LandingNavbar.jsx:53:1
Unexpected token. Did you mean `{'}'}` or `&rbrace;`?
  51 |     </nav>
  52 |   );
> 53 | }
     | ^
  54 |

Parsing ecmascript source code failed

Import trace:
  Server Component:
    ./src/components/layouts/LandingNavbar.jsx
    ./src/app/page.tsx @ http://localhost:3000/_next/static/chunks/node_modules_next_dist_20ud_8w._.js:2099
[  377187ms] [ERROR] ./src/components/layouts/LandingNavbar.jsx:53:1
Unexpected token. Did you mean `{'}'}` or `&rbrace;`?
  51 |     </nav>
  52 |   );
> 53 | }
     | ^
  54 |

Parsing ecmascript source code failed

Import trace:
  Server Component:
    ./src/components/layouts/LandingNavbar.jsx
    ./src/app/page.tsx @ http://localhost:3000/_next/static/chunks/node_modules_next_dist_20ud_8w._.js:2099
[  377254ms] [ERROR] ./src/components/layouts/LandingNavbar.jsx:53:1
Unexpected token. Did you mean `{'}'}` or `&rbrace;`?
  51 |     </nav>
  52 |   );
> 53 | }
     | ^
  54 |

Parsing ecmascript source code failed

Import trace:
  Server Component:
    ./src/components/layouts/LandingNavbar.jsx
    ./src/app/page.tsx @ http://localhost:3000/_next/static/chunks/node_modules_next_dist_20ud_8w._.js:2099
[  377321ms] [ERROR] ./src/components/layouts/LandingNavbar.jsx:53:1
Unexpected token. Did you mean `{'}'}` or `&rbrace;`?
  51 |     </nav>
  52 |   );
> 53 | }
     | ^
  54 |

Parsing ecmascript source code failed

Import trace:
  Server Component:
    ./src/components/layouts/LandingNavbar.jsx
    ./src/app/page.tsx @ http://localhost:3000/_next/static/chunks/node_modules_next_dist_20ud_8w._.js:2099
[  377375ms] [ERROR] ./src/components/layouts/LandingNavbar.jsx:53:1
Unexpected token. Did you mean `{'}'}` or `&rbrace;`?
  51 |     </nav>
  52 |   );
> 53 | }
     | ^
  54 |

Parsing ecmascript source code failed

Import trace:
  Server Component:
    ./src/components/layouts/LandingNavbar.jsx
    ./src/app/page.tsx @ http://localhost:3000/_next/static/chunks/node_modules_next_dist_20ud_8w._.js:2099
[  377496ms] [LOG] [Fast Refresh] rebuilding @ http://localhost:3000/_next/static/chunks/node_modules_next_dist_20ud_8w._.js:1380
[  378219ms] [LOG] [Fast Refresh] done in 191ms @ http://localhost:3000/_next/static/chunks/node_modules_next_dist_20ud_8w._.js:1380
[  378360ms] [INFO] %cDownload the React DevTools for a better development experience: https://react.dev/link/react-devtools font-weight:bold @ http://localhost:3000/_next/static/chunks/node_modules_next_dist_1ybzpk2._.js:2477
[  378383ms] [LOG] [HMR] connected @ http://localhost:3000/_next/static/chunks/node_modules_next_dist_1ybzpk2._.js:2477
